{"Pts": [[-0.15298627162568237, 0.04218059606405259, 0.802360541710148], [-0.14789920251551114, 0.013386717898586352, 0.8104123673050571], [-0.1526571680574319, -0.023426026835296924, 0.8163871779481839], [-0.16192861058497252, -0.024433187717939165, 0.8182017629907106], [-0.15835319536551468, 0.008132924882775167, 0.8326965754820785], [-0.1544148411715263, 0.03963533850082913, 0.8455379247397269], [-0.14093584793365022, -0.03724675024692681, 0.8164273192490057], [-0.13721417843092087, -0.046576118483841175, 0.8058045279051113], [-0.14718060129846347, -0.06869639169952732, 0.8127344330382695], [-0.16597230139132274, -0.06685018164985497, 0.814135289615322], [-0.17585857790391807, -0.043439325640079796, 0.8163481881557979], [-0.1697218654665309, -0.031185932024659992, 0.8220958494558201], [-0.1574005131625926, -0.07352260996343436, 0.8186389432417022], [-0.1576480130187787, -0.09006441513703393, 0.8218112278384928], [-0.18568258610710084, 0.06420369710801102, 0.6438595040141725], [-0.18535178137927577, 0.03425834956194684, 0.636408229085424], [-0.19382410597843544, 0.00969598495028767, 0.6211053212710274], [-0.20565260428583076, 0.008055605173653725, 0.6281816074434893], [-0.20949755231957692, 0.035757788787803176, 0.6249865307504935], [-0.21691214555388325, 0.06551488829358292, 0.613504713593009], [-0.18344520174806359, -0.0006037765401471966, 0.6143947377697023], [-0.1871427199211967, -0.01915793665168577, 0.6115108639917779], [-0.18610434273144139, -0.04300767548211451, 0.6099723562530791], [-0.20591771842316994, -0.045125216757468195, 0.6234708111747678], [-0.21210691313235605, -0.018353201901865554, 0.6277553256367089], [-0.19622456917668918, 0.003636243051915757, 0.6307964038752459], [-0.1924652742830972, -0.05022566912061647, 0.6177708391991386], [-0.19151926252914564, -0.06642574032482679, 0.6258257412110124]], "Ms": [[[1.0, 0.0, 0.0, 0.0], [0.0, 1.0, 0.0, 0.0], [0.0, 0.0, 1.0, 0.0]], [[-0.04442386488288922, 0.11317251898236855, -0.9925817352621659, 0.7126603759421036], [-0.08910045431081182, 0.9891541824473351, 0.1167694839782689, -0.07998915594569932], [0.9950314714974967, 0.09362683533116824, -0.03385832889255715, 0.5955444174406396]], [[0.5353700814097946, -0.10948931997531974, 0.8374908744234842, -0.5901643953695572], [0.1291242654309484, 0.9905162567700285, 0.04695177473972033, -0.06490514380479258], [-0.8346890439008937, 0.08300381850031664, 0.5444304970390422, 0.4768965258415202]]], "world_camera_id": 0}