{"Pts": [[0.15162011379775528, 0.05455348920346267, 0.6472308371023624], [0.1522552178985713, 0.022120720604756745, 0.6437748314980553], [0.15003124046584565, -0.014028842188867763, 0.6402635831601189], [0.1436949489767887, -0.01570699109219954, 0.6511729559699064], [0.14625926772568554, 0.019760493574463626, 0.6563873231594932], [0.14718422974925346, 0.05489365196147766, 0.6598440389938011], [0.17047504983855827, -0.03764035482227251, 0.6349643311726623], [0.1642344436405774, -0.033200286876935034, 0.6275381081752445], [0.1478825760037853, -0.05609734031755015, 0.6311627415063787], [0.13700235191432264, -0.05774890005303102, 0.6476409745892225], [0.14788136502347005, -0.03816314980868141, 0.6568493154299191], [0.16045449539569526, -0.0443931516071218, 0.665006638234013], [0.14398683674479062, -0.06392242560274243, 0.6393765874899696], [0.148566802388366, -0.08194542224660448, 0.6402908589905381], [-0.00569186034836242, 0.025427235822821047, 0.8998432638567864], [-0.010374226954810807, -0.006490420271573949, 0.9019656475780087], [-0.01667394760542446, -0.03418742566834567, 0.9050210292885477], [-0.008416584276681092, -0.03479430488157362, 0.9163545345782476], [-0.014294277233462927, -0.00457754715330698, 0.923903167153613], [-0.018336721612989847, 0.02258216900351267, 0.9329132249409114], [-0.016113108038953806, -0.034517589292207454, 0.8972116094262144], [-0.02461347935063098, -0.05827756378196524, 0.8976869639320041], [-0.024746454019818384, -0.08546801724589362, 0.898607666423589], [-0.006308730914744607, -0.08807357473403596, 0.9140523721295911], [-0.002220884388352817, -0.06186937977368438, 0.9168547108185874], [0.005944369664269266, -0.04205351555231059, 0.9053767681952481], [-0.01654728728394776, -0.09301773668195121, 0.9037452407244746], [-0.010370841852415167, -0.10992576182847079, 0.8993337145054474]], "Ms": [[[1.0, 0.0, 0.0, 0.0], [0.0, 1.0, 0.0, 0.0], [0.0, 0.0, 1.0, 0.0]], [[-0.04442386488288922, 0.11317251898236855, -0.9925817352621659, 0.7126603759421036], [-0.08910045431081182, 0.9891541824473351, 0.1167694839782689, -0.07998915594569932], [0.9950314714974967, 0.09362683533116824, -0.03385832889255715, 0.5955444174406396]], [[0.5353700814097946, -0.10948931997531974, 0.8374908744234842, -0.5901643953695572], [0.1291242654309484, 0.9905162567700285, 0.04695177473972033, -0.06490514380479258], [-0.8346890439008937, 0.08300381850031664, 0.5444304970390422, 0.4768965258415202]]], "world_camera_id": 0}