{"Pts": [[0.11604999356883733, 0.05341942035162515, 0.6638200003159833], [0.12373824758335383, 0.018716412138985457, 0.6556962365599182], [0.12555499323027866, -0.014517514599480006, 0.6504835545645677], [0.12335053631525182, -0.015387046957393, 0.6621780285927037], [0.1358814860203108, 0.018935261350482967, 0.6643998770924479], [-318.6052021956245, -419.2212603942247, -1210.091315368624], [-325.4610340709956, -370.4789601451796, -1232.734231124924], [0.1402570488269036, -0.038769591361213114, 0.635746462516551], [0.12107276760589171, -0.05630126183970143, 0.641680547178285], [0.12029061897160537, -0.05752233776147972, 0.6611991282290569], [-324.50592073808184, -369.17771516216555, -1229.9763935908031], [-325.1669471985823, -365.09060604343716, -1231.0851034405196], [0.12160183287910617, -0.06509163953851854, 0.6520932043839374], [0.12708785907164502, -0.08187093559336815, 0.6496516385403605]], "Ms": [[[1.0, 0.0, 0.0, 0.0], [0.0, 1.0, 0.0, 0.0], [0.0, 0.0, 1.0, 0.0]], [[-0.04442386488288922, 0.11317251898236855, -0.9925817352621659, 0.7126603759421036], [-0.08910045431081182, 0.9891541824473351, 0.1167694839782689, -0.07998915594569932], [0.9950314714974967, 0.09362683533116824, -0.03385832889255715, 0.5955444174406396]], [[0.5353700814097946, -0.10948931997531974, 0.8374908744234842, -0.5901643953695572], [0.1291242654309484, 0.9905162567700285, 0.04695177473972033, -0.06490514380479258], [-0.8346890439008937, 0.08300381850031664, 0.5444304970390422, 0.4768965258415202]]], "world_camera_id": 0}