{"Pts": [[-0.1368896886917377, 0.05467919908812284, 0.7195619936724936], [-0.13294126191516137, 0.023302341741773105, 0.7157655811639818], [-0.131640574631451, -0.005347147639813558, 0.712879994580886], [-0.14197595396715235, -0.007413589022489797, 0.7191530788197533], [-0.1408491773092535, 0.017930419656580432, 0.7292315270863817], [-0.14288424417158693, 0.04671113786396834, 0.7157279229239992], [-0.12000856188317985, -0.017341363909059965, 0.7253800531862972], [-0.12221794012883928, -0.03384309471917586, 0.7088290435187297], [-0.12678375258519772, -0.05979016651141359, 0.7018313658110011], [-0.14938503751832466, -0.059340626789611994, 0.710529858606923], [-0.15655229200917062, -0.031897039514950876, 0.710405017841883], [-0.15848199475250624, -0.01055279436508227, 0.7170000379713524], [-0.13902867827866758, -0.06588798667556418, 0.7081049245270227], [-0.13700068147304073, -0.08508563978588216, 0.7086711993401609]], "Ms": [[[1.0, 0.0, 0.0, 0.0], [0.0, 1.0, 0.0, 0.0], [0.0, 0.0, 1.0, 0.0]], [[-0.04442386488288922, 0.11317251898236855, -0.9925817352621659, 0.7126603759421036], [-0.08910045431081182, 0.9891541824473351, 0.1167694839782689, -0.07998915594569932], [0.9950314714974967, 0.09362683533116824, -0.03385832889255715, 0.5955444174406396]], [[0.5353700814097946, -0.10948931997531974, 0.8374908744234842, -0.5901643953695572], [0.1291242654309484, 0.9905162567700285, 0.04695177473972033, -0.06490514380479258], [-0.8346890439008937, 0.08300381850031664, 0.5444304970390422, 0.4768965258415202]]], "world_camera_id": 0}