{"Pts": [[-0.14988569818419134, 0.033627356021989616, 0.8878110832024015], [-0.147892173712048, -0.00010142601504939896, 0.8765387841722266], [-0.15188941347615417, -0.03056492389001117, 0.862282086693202], [-0.1616353158490046, -0.02977428216183951, 0.8614395052329938], [-0.15938536811361934, 0.004479888717321826, 0.8568914551290351], [-0.15509282074041425, 0.0396168735189947, 0.8465179197989737], [-0.13598400836816377, -0.039324097527653444, 0.860716388463409], [-0.1330191678107975, -0.05259232443930325, 0.8545926221752403], [-0.1448635101206531, -0.07217437982043153, 0.8571330190742298], [-0.164329027901474, -0.07189512236963078, 0.8570546955913444], [-0.1720714649467373, -0.04850714187940746, 0.8563388089097542], [-0.1692023755656499, -0.03401936953581335, 0.8603657791791045], [-0.1551363072073747, -0.07806559655807575, 0.8607857467881586], [-0.15410902576184246, -0.09352655539725982, 0.8671662540101455], [-0.18667067441285728, 0.06229056014633347, 0.6459878928144378], [-0.17163214307194544, 0.03323414582306385, 0.647365001551374], [-0.16730097506968106, 0.004640204942192128, 0.6510412563733698], [-0.177793079658602, 0.00342713233009534, 0.6636041706527883], [-0.16893815128313372, 0.029000573788058124, 0.6742953483097306], [-0.16188258073314743, 0.0601694658302332, 0.6808144673125923], [-0.1532393597541632, -0.007128329632447217, 0.6625936036503317], [-0.15598055484913106, -0.021081372491912394, 0.649759238887384], [-0.16125568776408553, -0.04945379118305163, 0.6449526309261513], [-0.18230724032480655, -0.04893039308911406, 0.6571629185105954], [-0.1887231010593328, -0.02206824245297156, 0.660506237107461], [-0.18698260658295285, -0.0016527942310826974, 0.6656930622567143], [-0.1688943077589517, -0.05664029100565015, 0.6525864031922567], [-0.16776563382910117, -0.0742174429158603, 0.6561864943543072]], "Ms": [[[1.0, 0.0, 0.0, 0.0], [0.0, 1.0, 0.0, 0.0], [0.0, 0.0, 1.0, 0.0]], [[-0.04442386488288922, 0.11317251898236855, -0.9925817352621659, 0.7126603759421036], [-0.08910045431081182, 0.9891541824473351, 0.1167694839782689, -0.07998915594569932], [0.9950314714974967, 0.09362683533116824, -0.03385832889255715, 0.5955444174406396]], [[0.5353700814097946, -0.10948931997531974, 0.8374908744234842, -0.5901643953695572], [0.1291242654309484, 0.9905162567700285, 0.04695177473972033, -0.06490514380479258], [-0.8346890439008937, 0.08300381850031664, 0.5444304970390422, 0.4768965258415202]]], "world_camera_id": 0}