{"Pts": [[-0.1555988748955915, 0.055928255519623375, 0.7088448881500778], [-0.15396049078951246, 0.022418541583578082, 0.7175427005012148], [-0.1531435270524245, -0.012892537972272211, 0.7251056956529586], [-0.1625332897722136, -0.014051988993038746, 0.7233500850349888], [-0.16091453946157905, 0.017165173506440187, 0.736765336325912], [-0.1587954158549391, 0.048983907441559275, 0.7521609183107001], [-0.14790657938570398, -0.027096000749214633, 0.7340623166667539], [-0.14255445564310143, -0.034405630660354826, 0.7249639604153527], [-0.15145796848188145, -0.05733917567193566, 0.7206689429176725], [-0.16942960812856178, -0.05519978948464041, 0.7197810072695044], [-0.17402922800403012, -0.032606577477123706, 0.7235926053628249], [-0.17580424347717005, -0.027441146388639294, 0.7339358064167975], [-0.15929671666623144, -0.06248853721340553, 0.7194022048231831], [-0.15916373186445343, -0.08067285982148516, 0.7209859095669097]], "Ms": [[[1.0, 0.0, 0.0, 0.0], [0.0, 1.0, 0.0, 0.0], [0.0, 0.0, 1.0, 0.0]], [[-0.04442386488288922, 0.11317251898236855, -0.9925817352621659, 0.7126603759421036], [-0.08910045431081182, 0.9891541824473351, 0.1167694839782689, -0.07998915594569932], [0.9950314714974967, 0.09362683533116824, -0.03385832889255715, 0.5955444174406396]], [[0.5353700814097946, -0.10948931997531974, 0.8374908744234842, -0.5901643953695572], [0.1291242654309484, 0.9905162567700285, 0.04695177473972033, -0.06490514380479258], [-0.8346890439008937, 0.08300381850031664, 0.5444304970390422, 0.4768965258415202]]], "world_camera_id": 0}