{"Pts": [[0.15162011391060704, 0.05455348927213539, 0.6472308372235768], [0.15225521803150757, 0.02212072068599027, 0.6437748316893557], [0.15003124050943015, -0.014028842082714746, 0.6402635834036428], [0.14369494910801353, -0.015706991051326852, 0.6511729559792961], [0.1466814237743989, 0.018915432864693445, 0.6578598317045155], [0.1476398869778116, 0.054096124167438815, 0.6612781284344741], [0.1704750496462192, -0.03764035450116184, 0.6349643309771111], [0.16423444360792339, -0.033200286861666005, 0.6275381081302838], [0.14788257594670373, -0.05609734033375029, 0.6311627417241866], [0.13701711781481113, -0.05697159708128696, 0.6477187492263982], [0.14788136498731785, -0.03816314996960856, 0.6568493152554877], [0.16045449556038707, -0.044393151600459174, 0.6650066378903856], [0.14398683660672068, -0.063922425498855, 0.6393765876086316], [0.14856680208134737, -0.08194542208290477, 0.6402908589926134], [-0.006215669917783748, 0.024025039984997366, 0.8971736026565477], [-0.012390082392728865, -0.0068086170711040665, 0.9038848197634783], [-0.018732734362053402, -0.034457764530528165, 0.9068699053528377], [-0.010484677099338395, -0.035064986835941954, 0.918201578042668], [-0.01428253455145534, -0.004778885707975692, 0.9264057555840551], [-0.018327057369342203, 0.02249264511119441, 0.9341588626148437], [-0.02231455773076879, -0.03562608086253821, 0.897835925698356], [-0.026726816160470988, -0.05922063083317162, 0.8994266219755028], [-0.02479035107516585, -0.08572776242795158, 0.9010200099154375], [-0.006303890088329676, -0.08834450035881425, 0.9165573560901821], [-0.002210062528927043, -0.06199486731774321, 0.9181257019815835], [0.003926973712134669, -0.04231391359568279, 0.9073628756631447], [-0.016570018263929884, -0.09328668543086219, 0.9061956808320075], [-0.010377018469755141, -0.1102125729769153, 0.9018093057976878]], "Ms": [[[1.0, 0.0, 0.0, 0.0], [0.0, 1.0, 0.0, 0.0], [0.0, 0.0, 1.0, 0.0]], [[-0.04442386488288922, 0.11317251898236855, -0.9925817352621659, 0.7126603759421036], [-0.08910045431081182, 0.9891541824473351, 0.1167694839782689, -0.07998915594569932], [0.9950314714974967, 0.09362683533116824, -0.03385832889255715, 0.5955444174406396]], [[0.5353700814097946, -0.10948931997531974, 0.8374908744234842, -0.5901643953695572], [0.1291242654309484, 0.9905162567700285, 0.04695177473972033, -0.06490514380479258], [-0.8346890439008937, 0.08300381850031664, 0.5444304970390422, 0.4768965258415202]]], "world_camera_id": 0}