{"Pts": [[-0.1554536307036459, 0.05601314543765855, 0.7078647879242199], [-0.15462892070875522, 0.024312438753293076, 0.7103851198527774], [-0.15375737710230566, -0.00983372336066834, 0.7029169806719356], [-0.16630154448350015, -0.010619434910088656, 0.7020441509316984], [-0.16440155780909085, 0.022963133670916173, 0.7163650235369379], [-0.16982439287969556, 0.04546121674457847, 0.6951006896720322], [-0.1502382672000922, -0.025598867532055643, 0.710697525886032], [-0.14448309475773316, -0.0321535339788603, 0.7003125202496575], [-0.1481739891898771, -0.05484564358096032, 0.6961596406430609], [-0.17228741087913652, -0.05285536410473234, 0.6969063867974941], [-0.17490280464926844, -0.03029413527784798, 0.6988302752240452], [-0.1751959598617064, -0.027865366811019334, 0.7106037653470365], [-0.15898948083240638, -0.06102549729583778, 0.6955594168137933], [-0.15637009850143824, -0.07910806683160183, 0.6999386347009935]], "Ms": [[[1.0, 0.0, 0.0, 0.0], [0.0, 1.0, 0.0, 0.0], [0.0, 0.0, 1.0, 0.0]], [[-0.04442386488288922, 0.11317251898236855, -0.9925817352621659, 0.7126603759421036], [-0.08910045431081182, 0.9891541824473351, 0.1167694839782689, -0.07998915594569932], [0.9950314714974967, 0.09362683533116824, -0.03385832889255715, 0.5955444174406396]], [[0.5353700814097946, -0.10948931997531974, 0.8374908744234842, -0.5901643953695572], [0.1291242654309484, 0.9905162567700285, 0.04695177473972033, -0.06490514380479258], [-0.8346890439008937, 0.08300381850031664, 0.5444304970390422, 0.4768965258415202]]], "world_camera_id": 0}