{"Pts": [[0.1520313524718051, 0.054561363966875755, 0.648886663369979], [0.15347419229997655, 0.021986921876550165, 0.6487415849456918], [0.14869667627388033, -0.015311487138879696, 0.6471747167463351], [0.14480412682377813, -0.016021584688195093, 0.656076692890777], [0.14736593979643728, 0.020405317078219926, 0.6615054719470332], [0.14836832186602147, 0.05490625832986638, 0.6648031761710236], [-389.2346465580861, -451.46691439084725, -1473.5654706927833], [0.15161254724888312, -0.03235369730390825, 0.634746599104016], [0.14660022762204272, -0.05679947651069734, 0.6380527222926031], [0.13943815991164, -0.058133308664852126, 0.6589920357167335], [-388.48816159163533, -447.9010947105537, -1472.082960189374], [-389.0341578470737, -447.3764732977154, -1473.1503967295623], [0.14583059652317876, -0.06481357550976433, 0.6474645101228439], [0.14729325249121597, -0.0804301377890037, 0.647322997172591]], "Ms": [[[1.0, 0.0, 0.0, 0.0], [0.0, 1.0, 0.0, 0.0], [0.0, 0.0, 1.0, 0.0]], [[-0.04442386488288922, 0.11317251898236855, -0.9925817352621659, 0.7126603759421036], [-0.08910045431081182, 0.9891541824473351, 0.1167694839782689, -0.07998915594569932], [0.9950314714974967, 0.09362683533116824, -0.03385832889255715, 0.5955444174406396]], [[0.5353700814097946, -0.10948931997531974, 0.8374908744234842, -0.5901643953695572], [0.1291242654309484, 0.9905162567700285, 0.04695177473972033, -0.06490514380479258], [-0.8346890439008937, 0.08300381850031664, 0.5444304970390422, 0.4768965258415202]]], "world_camera_id": 0}