{"Pts": [[-0.15334593591690776, 0.056624870356958054, 0.7038420363695292], [-0.15627227163945792, 0.026037766172308394, 0.6888117263738011], [-0.16102352346608415, -0.005158444010216879, 0.6769568256506922], [-0.1729931670524694, -0.006345700567920505, 0.6749840592538212], [-0.17137238140907898, 0.027332628138593065, 0.6710907366314776], [-0.16805955848457874, 0.06086575645268791, 0.661687656857744], [-0.15428049747895511, -0.020488308032593536, 0.6839891424728786], [-0.15022660861329243, -0.027383164807641996, 0.6736348916198327], [-0.15337366154082965, -0.04958872707454674, 0.6688153004740364], [-0.17404503490117662, -0.047901724669546494, 0.6715422485379938], [-0.17902103751140772, -0.02660984676667875, 0.6765628031100804], [-0.1786347300971315, -0.024480670854951935, 0.6844562518997303], [-0.16421720695746028, -0.05486671922535461, 0.67004714294197], [-0.16534506137279506, -0.07197659710310382, 0.6768893123839125]], "Ms": [[[1.0, 0.0, 0.0, 0.0], [0.0, 1.0, 0.0, 0.0], [0.0, 0.0, 1.0, 0.0]], [[-0.04442386488288922, 0.11317251898236855, -0.9925817352621659, 0.7126603759421036], [-0.08910045431081182, 0.9891541824473351, 0.1167694839782689, -0.07998915594569932], [0.9950314714974967, 0.09362683533116824, -0.03385832889255715, 0.5955444174406396]], [[0.5353700814097946, -0.10948931997531974, 0.8374908744234842, -0.5901643953695572], [0.1291242654309484, 0.9905162567700285, 0.04695177473972033, -0.06490514380479258], [-0.8346890439008937, 0.08300381850031664, 0.5444304970390422, 0.4768965258415202]]], "world_camera_id": 0}