{"Pts": [[0.1516201130369051, 0.054553489482684306, 0.6472308382176757], [0.15225521775756992, 0.022120720823142516, 0.6437748319664826], [0.15003124050164926, -0.014028842058877177, 0.6402635834410062], [0.14369494931838597, -0.015706990970503248, 0.6511729558859943], [0.14702483851923062, 0.019659523385083158, 0.6596817132846405], [0.14803461062186188, 0.05409902459150541, 0.6629309215770606], [0.17190280161508484, -0.03683923848736532, 0.6348345558786582], [0.1615066428937573, -0.032497721349944005, 0.6280046389203898], [0.14788257568432728, -0.0560973399708585, 0.63116274207502], [0.13770705178677453, -0.0573026322062709, 0.6509337029941059], [0.14788136648652125, -0.0381631498627608, 0.6568493143675919], [0.1620129250188983, -0.04118485928719697, 0.6651968047507274], [0.1443547808626988, -0.06410028012170503, 0.6409915945784769], [0.14856680233806677, -0.08194542175443308, 0.6402908588443128]], "Ms": [[[1.0, 0.0, 0.0, 0.0], [0.0, 1.0, 0.0, 0.0], [0.0, 0.0, 1.0, 0.0]], [[-0.04442386488288922, 0.11317251898236855, -0.9925817352621659, 0.7126603759421036], [-0.08910045431081182, 0.9891541824473351, 0.1167694839782689, -0.07998915594569932], [0.9950314714974967, 0.09362683533116824, -0.03385832889255715, 0.5955444174406396]], [[0.5353700814097946, -0.10948931997531974, 0.8374908744234842, -0.5901643953695572], [0.1291242654309484, 0.9905162567700285, 0.04695177473972033, -0.06490514380479258], [-0.8346890439008937, 0.08300381850031664, 0.5444304970390422, 0.4768965258415202]]], "world_camera_id": 0}