{"Pts": [[-0.13568873778419457, 0.054311959055557184, 0.7196254149161315], [-0.13238024466670148, 0.02165968873969036, 0.7124217357898109], [-0.13639739953463148, -0.001964349533748473, 0.7042291988008923], [-0.14874058225271716, -0.0027456552939376616, 0.7021846353449789], [-0.1537833618610375, 0.02244653950521628, 0.7043101324452283], [-0.15758258114479115, 0.05078061608223857, 0.6882346018807277], [-0.1279616495191541, -0.01060817554622367, 0.6969354973143782], [-0.13037723657519382, -0.03311156274362486, 0.693647645592722], [-0.13451490894940593, -0.0575260220369844, 0.6914508141693874], [-0.15376754251188887, -0.05719585373322884, 0.7003108798441665], [-0.1590500580768494, -0.029090555866082314, 0.7061187387735178], [-0.16192904826885895, -0.0059955324191901214, 0.709994749839417], [-0.14352529371600212, -0.06362240241861028, 0.6976842327809222], [-0.14164995107123596, -0.0826095268137861, 0.6983085298572377]], "Ms": [[[1.0, 0.0, 0.0, 0.0], [0.0, 1.0, 0.0, 0.0], [0.0, 0.0, 1.0, 0.0]], [[-0.04442386488288922, 0.11317251898236855, -0.9925817352621659, 0.7126603759421036], [-0.08910045431081182, 0.9891541824473351, 0.1167694839782689, -0.07998915594569932], [0.9950314714974967, 0.09362683533116824, -0.03385832889255715, 0.5955444174406396]], [[0.5353700814097946, -0.10948931997531974, 0.8374908744234842, -0.5901643953695572], [0.1291242654309484, 0.9905162567700285, 0.04695177473972033, -0.06490514380479258], [-0.8346890439008937, 0.08300381850031664, 0.5444304970390422, 0.4768965258415202]]], "world_camera_id": 0}