{"Pts": [[-0.15197388612729773, 0.05711807953065197, 0.6725994824370654], [-0.15365829350023108, 0.025888407373443997, 0.6764469412517522], [-0.16141803793730913, -0.004889240382693103, 0.665327650830072], [-0.17328872502551276, -0.0056437248820898085, 0.6645860936234502], [-0.17033257365493967, 0.02710153598185848, 0.6669978136057995], [-0.16751455996292303, 0.064018802578307, 0.6631328218575054], [-0.15683903529119256, -0.020220117591504622, 0.6736465794019983], [-0.15301361985859224, -0.02671678174077072, 0.665236050486027], [-0.15670565757406707, -0.04786377004903956, 0.6568129840113198], [-0.17695521873469935, -0.04714691524768361, 0.659099734175803], [-0.1849517566871742, -0.026646955553453214, 0.6693384877487506], [-0.18149311931789344, -0.023486766436771746, 0.6775564193176714], [-0.16716924460612193, -0.05402697526131329, 0.6573008021310411], [-0.16538840391671503, -0.07113266277129203, 0.6646144438570515]], "Ms": [[[1.0, 0.0, 0.0, 0.0], [0.0, 1.0, 0.0, 0.0], [0.0, 0.0, 1.0, 0.0]], [[-0.04442386488288922, 0.11317251898236855, -0.9925817352621659, 0.7126603759421036], [-0.08910045431081182, 0.9891541824473351, 0.1167694839782689, -0.07998915594569932], [0.9950314714974967, 0.09362683533116824, -0.03385832889255715, 0.5955444174406396]], [[0.5353700814097946, -0.10948931997531974, 0.8374908744234842, -0.5901643953695572], [0.1291242654309484, 0.9905162567700285, 0.04695177473972033, -0.06490514380479258], [-0.8346890439008937, 0.08300381850031664, 0.5444304970390422, 0.4768965258415202]]], "world_camera_id": 0}