{"Pts": [[-0.1558674525268677, 0.04819835856788007, 0.7152259788155884], [-0.14982584542012864, 0.019114950580161015, 0.7379486213968094], [-0.15307039110695042, -0.014093361628409243, 0.7328548446802868], [-0.1637188697633152, -0.014427009336154773, 0.7358942613354338], [-0.15829198736627076, 0.017566878098957288, 0.7512225251682082], [-0.15705775058913138, 0.05085600204812618, 0.7551284386523084], [-0.15000548424494928, -0.028274105434822908, 0.745716525593154], [-0.1446792217108561, -0.03560564986047922, 0.7368202771668331], [-0.15115096639067016, -0.05789867032660093, 0.7274503839234147], [-0.17020495304371303, -0.05682339767445326, 0.7308148311668318], [-0.17486729428109754, -0.034183463461512374, 0.7345718614546491], [-0.17599781806031192, -0.028485376755026354, 0.7486768263769759], [-0.1583245051876093, -0.06368946667314064, 0.7307142957701196], [-0.15818122636230728, -0.08196743077820821, 0.732241443161728]], "Ms": [[[1.0, 0.0, 0.0, 0.0], [0.0, 1.0, 0.0, 0.0], [0.0, 0.0, 1.0, 0.0]], [[-0.04442386488288922, 0.11317251898236855, -0.9925817352621659, 0.7126603759421036], [-0.08910045431081182, 0.9891541824473351, 0.1167694839782689, -0.07998915594569932], [0.9950314714974967, 0.09362683533116824, -0.03385832889255715, 0.5955444174406396]], [[0.5353700814097946, -0.10948931997531974, 0.8374908744234842, -0.5901643953695572], [0.1291242654309484, 0.9905162567700285, 0.04695177473972033, -0.06490514380479258], [-0.8346890439008937, 0.08300381850031664, 0.5444304970390422, 0.4768965258415202]]], "world_camera_id": 0}