{"Pts": [[-0.15609300866103035, 0.05796209221564209, 0.7074432844903688], [-0.15516526206194256, 0.02476425088715184, 0.7125059862425154], [-0.15551237316373107, -0.011446120718970842, 0.7126159362389072], [-0.16465396342685298, -0.01114701645598403, 0.7094794980698848], [-0.16397197260176133, 0.019531632203234946, 0.7301239415433181], [-0.1641736641037755, 0.05141678718158104, 0.7272952506039814], [-0.1489983357136219, -0.026516619021179688, 0.7213807860017029], [-0.14512866929263912, -0.033290029784914694, 0.7122291858005808], [-0.14893308257489296, -0.05604542539828834, 0.7079353240722094], [-0.16833012510176207, -0.05495499309475956, 0.7075879346157578], [-0.17409466762461, -0.03170538094253799, 0.708883264263686], [-0.17316457391465329, -0.027593580037702573, 0.7226651222028486], [-0.15987378694686394, -0.06220509113985684, 0.7070293895077657], [-0.15819913799024998, -0.07935082258553994, 0.7086817911529141]], "Ms": [[[1.0, 0.0, 0.0, 0.0], [0.0, 1.0, 0.0, 0.0], [0.0, 0.0, 1.0, 0.0]], [[-0.04442386488288922, 0.11317251898236855, -0.9925817352621659, 0.7126603759421036], [-0.08910045431081182, 0.9891541824473351, 0.1167694839782689, -0.07998915594569932], [0.9950314714974967, 0.09362683533116824, -0.03385832889255715, 0.5955444174406396]], [[0.5353700814097946, -0.10948931997531974, 0.8374908744234842, -0.5901643953695572], [0.1291242654309484, 0.9905162567700285, 0.04695177473972033, -0.06490514380479258], [-0.8346890439008937, 0.08300381850031664, 0.5444304970390422, 0.4768965258415202]]], "world_camera_id": 0}