{"Pts": [[0.15197343307433472, 0.0553583105144848, 0.649102012856947], [0.15266089509668485, 0.022076396589871143, 0.6454289294824347], [0.15042402845912678, -0.014130790299906335, 0.641905887560511], [0.14369494935303442, -0.015706990409877823, 0.6511729562124142], [0.14625926815858345, 0.019760493207084503, 0.6563873235059856], [0.14718423005347694, 0.05489365238436069, 0.6598440393516304], [0.16806176035744755, -0.039383890145266304, 0.6368849938975746], [0.16421321559042792, -0.033180469335095206, 0.6275861736537268], [0.1478825759073422, -0.05609734002564011, 0.6311627416985756], [0.1370023523545876, -0.0577489003803036, 0.6476409746015522], [0.14788136510666985, -0.03816315282758918, 0.6568493155293513], [0.16045449582353397, -0.04439315185445723, 0.6650066382089797], [0.14472312839338988, -0.0642783105850393, 0.6426078905605253], [0.14898312707367825, -0.08137047549025081, 0.641955032578489], [-0.0040843167619027355, 0.02573194397042762, 0.8992510727193861], [-0.010420511304051612, -0.00608916659228542, 0.8968996916985201], [-0.014619969896780686, -0.03358043101120066, 0.8994066117254856], [-0.00431902537928595, -0.03413812269281075, 0.9113193112399822], [-0.0057730991630264164, -0.008135910684363536, 0.9156983494749752], [-0.016219822557922297, 0.01823173792175167, 0.9291611493012234], [-0.01406911658120089, -0.03390200559389407, 0.8915527551956183], [-0.022497027247655014, -0.057686349959293975, 0.8921845061095164], [-0.022616965969002777, -0.08490243173430717, 0.8931525495171092], [-0.004255275644597482, -0.08748767405182387, 0.9084172704679495], [-0.006420796746613995, -0.06106531272662933, 0.9079656706889249], [-0.002227765110128095, -0.04342540422511395, 0.8988480266929437], [-0.012417986984504244, -0.09255682338936548, 0.8988088710043356], [-0.008329970462193437, -0.10935387755747669, 0.893715396424187]], "Ms": [[[1.0, 0.0, 0.0, 0.0], [0.0, 1.0, 0.0, 0.0], [0.0, 0.0, 1.0, 0.0]], [[-0.04442386488288922, 0.11317251898236855, -0.9925817352621659, 0.7126603759421036], [-0.08910045431081182, 0.9891541824473351, 0.1167694839782689, -0.07998915594569932], [0.9950314714974967, 0.09362683533116824, -0.03385832889255715, 0.5955444174406396]], [[0.5353700814097946, -0.10948931997531974, 0.8374908744234842, -0.5901643953695572], [0.1291242654309484, 0.9905162567700285, 0.04695177473972033, -0.06490514380479258], [-0.8346890439008937, 0.08300381850031664, 0.5444304970390422, 0.4768965258415202]]], "world_camera_id": 0}