{"0": {"P": [[439.06, 180.81, -26.946, 185.95], [-5.3416, 88.523, -450.95, 1324.0], [0.0060594, 0.99348, -0.11385, 5.227]], "K": [[437.9852173913044, 0.0, 185.3596], [0.0, 437.9852173913044, 139.2537], [0.0, 0.0, 1.0]], "distCoef": [0.0, 0.0, 0.0, 0.0, 0.0], "R": [[0.9998819135498813, -0.007627303394110196, -0.013341034396255802], [-0.01412240122676837, -0.11375390190151916, -0.9934085803866252], [0.00605943391894462, 0.9934796797343738, -0.11384818494586636]], "t": [-1.787557, 1.361094, 5.226973], "M": [[0.9998819135498813, -0.007627303394110196, -0.013341034396255802, -1.787557], [-0.01412240122676837, -0.11375390190151916, -0.9934085803866252, 1.361094], [0.00605943391894462, 0.9934796797343738, -0.11384818494586636, 5.226973]], "resolution": [720, 576]}, "1": {"P": [[162.36, -438.34, -17.508, 3347.4], [73.3, -10.043, -443.34, 1373.5], [0.99035, -0.047887, -0.13009, 6.6849]], "K": [[430.03326086956525, 0.0, 184.0583], [0.0, 430.03326086956525, 130.7467], [0.0, 0.0, 1.0]], "distCoef": [0.0, 0.0, 0.0, 0.0, 0.0], "R": [[-0.04633107785835382, -0.9988140384937536, 0.014964883303310195], [-0.13065076504992335, -0.008793265243184023, -0.9913894573164639], [0.9903452977706073, -0.04788731558734052, -0.1300884168152014]], "t": [4.92285, 1.161417, 6.684942], "M": [[-0.04633107785835382, -0.9988140384937536, 0.014964883303310195, 4.92285], [-0.13065076504992335, -0.008793265243184023, -0.9913894573164639, 1.161417], [0.9903452977706073, -0.04788731558734052, -0.1300884168152014, 6.684942]], "resolution": [720, 576]}, "2": {"P": [[237.58, 679.93, -26.772, -1558.3], [-43.114, 21.982, -713.6, 1962.8], [-0.83557, 0.53325, -0.13216, 11.202]], "K": [[700.9856521739131, 0.0, 167.59475], [0.0, 700.9856521739131, 142.0545], [0.0, 0.0, 1.0]], "distCoef": [0.0, 0.0, 0.0, 0.0, 0.0], "R": [[0.5386991962445586, 0.8424723621738047, -0.006595069276080057], [0.10782367722838201, -0.07670471706694504, -0.9912065581949252], [-0.835570003407504, 0.5332510715910186, -0.13215923748499042]], "t": [-4.901276, 0.5298783, 11.20239], "M": [[0.5386991962445586, 0.8424723621738047, -0.006595069276080057, -4.901276], [0.10782367722838201, -0.07670471706694504, -0.9912065581949252, 0.5298783], [-0.835570003407504, 0.5332510715910186, -0.13215923748499042, 11.20239]], "resolution": [720, 576]}}