{"Pts": [[-0.14527270316035262, 0.03212201807557418, 0.8448206333132743], [-0.14693871942602033, -0.0016805844345225158, 0.8571738473183028], [-0.15052111505208424, -0.028856592907149644, 0.8400004179117171], [-0.16224906948007356, -0.028354896917891566, 0.841040747880153], [-0.15917464705121598, 0.004179618506427757, 0.8445639091895412], [-0.15477559959214368, 0.03903594741300371, 0.845493747832799], [-0.1423208419343297, -0.04236169778121941, 0.8370872867620779], [-0.1383861738828647, -0.05234209869569593, 0.8256329078182499], [-0.1486658744822343, -0.07206175294126915, 0.8331119716148815], [-0.1702210432710133, -0.06921018674776142, 0.8366243345867207], [-0.17896953617049335, -0.04818868119029204, 0.8410462973244445], [-0.1723134804388307, -0.03389391487209413, 0.8449592377630566], [-0.159156052095185, -0.0762154738646454, 0.8393739680163989], [-0.15993929254164008, -0.0931213348539425, 0.8458942654548577], [-0.1866590917978709, 0.06588057324066299, 0.6446004344167298], [-0.17834584225102354, 0.03219513236023162, 0.6402503930859949], [-0.17835258050847283, 0.004160064405331624, 0.6374058897627893], [-0.1893944974399541, 0.0025378807291170234, 0.646527968309798], [-0.18552169224201884, 0.027130965010620324, 0.6590562307451187], [-0.18135538213336505, 0.06358137483582696, 0.6524398974204454], [-0.16142531416628456, -0.005212622796305065, 0.649927555208922], [-0.16638584509983537, -0.020919208440805533, 0.6376254768115481], [-0.17351323737559535, -0.04976092202369005, 0.6306948694540245], [-0.1910750014408777, -0.050002879985759606, 0.6363691524759554], [-0.20036516277224084, -0.02275452565757843, 0.6390374532864639], [-0.2033958804796383, -0.00272995656020526, 0.6495019424826186], [-0.1790281380878457, -0.05467927997652119, 0.6354329684068515], [-0.17695578329589487, -0.07160906656101221, 0.6397566387350584]], "Ms": [[[1.0, 0.0, 0.0, 0.0], [0.0, 1.0, 0.0, 0.0], [0.0, 0.0, 1.0, 0.0]], [[-0.04442386488288922, 0.11317251898236855, -0.9925817352621659, 0.7126603759421036], [-0.08910045431081182, 0.9891541824473351, 0.1167694839782689, -0.07998915594569932], [0.9950314714974967, 0.09362683533116824, -0.03385832889255715, 0.5955444174406396]], [[0.5353700814097946, -0.10948931997531974, 0.8374908744234842, -0.5901643953695572], [0.1291242654309484, 0.9905162567700285, 0.04695177473972033, -0.06490514380479258], [-0.8346890439008937, 0.08300381850031664, 0.5444304970390422, 0.4768965258415202]]], "world_camera_id": 0}