{"Pts": [[-0.14432536709335791, 0.045125533723089216, 0.7910061177501245], [-0.14888754399151755, 0.013120019252477414, 0.7756187156897016], [-0.15146452108378936, -0.017762849742079395, 0.7617296090285618], [-0.16381047600107376, -0.01688518214727456, 0.7630927452638643], [-0.16106920094823557, 0.01743784126997491, 0.7569396793353848], [-0.1583864519190916, 0.05189953556618314, 0.7541766280145735], [-0.14112181925390305, -0.025161832843068367, 0.7641821749463822], [-0.1380257952649813, -0.03691700885989215, 0.7558988288383335], [-0.14612219389666267, -0.05952702238401299, 0.754694805359832], [-0.16737857062984338, -0.05958794338890446, 0.7575134972513097], [-0.17491479183975867, -0.03607558371051359, 0.7591348636146054], [-0.1689540780067312, -0.02383600966384524, 0.7704444572088255], [-0.1569660304909027, -0.06659104370624852, 0.7580827646726314], [-0.15711563172772083, -0.08353554107010842, 0.7596820573075891]], "Ms": [[[1.0, 0.0, 0.0, 0.0], [0.0, 1.0, 0.0, 0.0], [0.0, 0.0, 1.0, 0.0]], [[-0.04442386488288922, 0.11317251898236855, -0.9925817352621659, 0.7126603759421036], [-0.08910045431081182, 0.9891541824473351, 0.1167694839782689, -0.07998915594569932], [0.9950314714974967, 0.09362683533116824, -0.03385832889255715, 0.5955444174406396]], [[0.5353700814097946, -0.10948931997531974, 0.8374908744234842, -0.5901643953695572], [0.1291242654309484, 0.9905162567700285, 0.04695177473972033, -0.06490514380479258], [-0.8346890439008937, 0.08300381850031664, 0.5444304970390422, 0.4768965258415202]]], "world_camera_id": 0}