{"Pts": [[-0.13470488856528795, 0.05453654827452049, 0.7162747290110957], [-0.13738077720746517, 0.022458781691458006, 0.7026828804606563], [-0.14495137635247035, -0.002207198488734771, 0.6907896645583128], [-0.16005172614290866, -0.003078805933815846, 0.6954149164533013], [-0.1598461709256118, 0.027953523256789823, 0.6893214432121536], [-0.15974970115579207, 0.05967867477039069, 0.6820360815510719], [-0.13499367199074178, -0.005818287211780844, 0.680817085916485], [-0.13856895861608862, -0.029880447743524434, 0.6776153859092241], [-0.14301793201598037, -0.05481377666115209, 0.6786087219800845], [-0.16111747304985954, -0.05348333951388831, 0.6899062218294737], [-0.16247453390360073, -0.029343149122201703, 0.6978983965489186], [-0.1586242745265655, -0.016728194888799647, 0.7104484561006801], [-0.15063070953384264, -0.06030337295704903, 0.6859366895205629], [-0.1492363542313218, -0.07866307599037939, 0.689538896144884]], "Ms": [[[1.0, 0.0, 0.0, 0.0], [0.0, 1.0, 0.0, 0.0], [0.0, 0.0, 1.0, 0.0]], [[-0.04442386488288922, 0.11317251898236855, -0.9925817352621659, 0.7126603759421036], [-0.08910045431081182, 0.9891541824473351, 0.1167694839782689, -0.07998915594569932], [0.9950314714974967, 0.09362683533116824, -0.03385832889255715, 0.5955444174406396]], [[0.5353700814097946, -0.10948931997531974, 0.8374908744234842, -0.5901643953695572], [0.1291242654309484, 0.9905162567700285, 0.04695177473972033, -0.06490514380479258], [-0.8346890439008937, 0.08300381850031664, 0.5444304970390422, 0.4768965258415202]]], "world_camera_id": 0}