{"Pts": [[-0.14975602206193206, 0.04074649988594959, 0.7421314393568277], [-0.14600551030203426, 0.011113768339357049, 0.7614655972929645], [-0.15168451021664808, -0.015690668172818324, 0.7443433312834041], [-0.1630654156232461, -0.01564425758121983, 0.7500110992917636], [-0.1609136354814824, 0.01753324989405269, 0.7560006886400019], [-0.15718868861111598, 0.05076665457637678, 0.7560796650049874], [-0.14748495946419143, -0.024218929970741265, 0.7591480456730172], [-0.1442669582420251, -0.036558980572029276, 0.7427813841174211], [-0.1494207833239117, -0.05998044949202998, 0.7359669099597129], [-0.1696151080985017, -0.05814862883589831, 0.7436670040156754], [-0.17280031046794603, -0.03820555016116888, 0.7480189310036048], [-0.1708243265771316, -0.025484382099476267, 0.7617918578143205], [-0.15927197191402004, -0.06556560405153333, 0.7438440578449645], [-0.15904117198217924, -0.08388074252046925, 0.7452750338926191]], "Ms": [[[1.0, 0.0, 0.0, 0.0], [0.0, 1.0, 0.0, 0.0], [0.0, 0.0, 1.0, 0.0]], [[-0.04442386488288922, 0.11317251898236855, -0.9925817352621659, 0.7126603759421036], [-0.08910045431081182, 0.9891541824473351, 0.1167694839782689, -0.07998915594569932], [0.9950314714974967, 0.09362683533116824, -0.03385832889255715, 0.5955444174406396]], [[0.5353700814097946, -0.10948931997531974, 0.8374908744234842, -0.5901643953695572], [0.1291242654309484, 0.9905162567700285, 0.04695177473972033, -0.06490514380479258], [-0.8346890439008937, 0.08300381850031664, 0.5444304970390422, 0.4768965258415202]]], "world_camera_id": 0}