{"Pts": [[-0.14240578483696145, 0.03596776130531745, 0.869590669963548], [-0.14585191900304528, -0.002094855165009173, 0.8632375952457279], [-0.151786659765045, -0.02972459156428408, 0.8481774417142667], [-0.1611668999310067, -0.028327681997246664, 0.846867607421354], [-0.15997127398929623, 0.003597513140972516, 0.849927830192157], [-0.15523114206633765, 0.03865364797003581, 0.8491496776048879], [-0.14131427304348762, -0.04291227472027677, 0.8431176359647301], [-0.1373655718439951, -0.052386507015436796, 0.8317397625186965], [-0.14775548248838802, -0.07217520381035326, 0.8390553732436062], [-0.16934045252255425, -0.0702896046689313, 0.8421605416179493], [-0.17635293992050305, -0.04917760423483934, 0.8470081686771599], [-0.17140535043125515, -0.03438954850428455, 0.8505855266999339], [-0.15839826247408256, -0.07693657181171595, 0.8459928090134918], [-0.15717656179284303, -0.09394241541740192, 0.8521331981792016], [-0.1893032483416861, 0.06360288311540419, 0.6449406613965506], [-0.1791734852064531, 0.03213520969869807, 0.641613334137432], [-0.17322347344226113, 0.004379309852404763, 0.6398984019257474], [-0.18495878078753247, 0.0024846648465717274, 0.6518971161788925], [-0.17824606393224773, 0.02721298138229702, 0.6642429934247575], [-0.16735020091979025, 0.0622709125717054, 0.6726462881319134], [-0.15704959163311863, -0.008259790807849781, 0.6592700758913012], [-0.16311434991498475, -0.02185599952146746, 0.6425024633145062], [-0.16892109769011837, -0.05025917762483571, 0.6351365060966095], [-0.18837991675017618, -0.04920278868287862, 0.6420475119804209], [-0.19644532903632123, -0.023834654533008523, 0.645878805281556], [-0.1989767908105367, -0.0028028307741158136, 0.6546311894456842], [-0.175973751450458, -0.05522889901442536, 0.6402027265860671], [-0.17230020004289348, -0.07231081078624843, 0.6441892138455901]], "Ms": [[[1.0, 0.0, 0.0, 0.0], [0.0, 1.0, 0.0, 0.0], [0.0, 0.0, 1.0, 0.0]], [[-0.04442386488288922, 0.11317251898236855, -0.9925817352621659, 0.7126603759421036], [-0.08910045431081182, 0.9891541824473351, 0.1167694839782689, -0.07998915594569932], [0.9950314714974967, 0.09362683533116824, -0.03385832889255715, 0.5955444174406396]], [[0.5353700814097946, -0.10948931997531974, 0.8374908744234842, -0.5901643953695572], [0.1291242654309484, 0.9905162567700285, 0.04695177473972033, -0.06490514380479258], [-0.8346890439008937, 0.08300381850031664, 0.5444304970390422, 0.4768965258415202]]], "world_camera_id": 0}