{"Pts": [[-349.9702755053204, -463.42279163663596, -1331.4562363866999], [0.1312254371840813, 0.02146383271003583, 0.6548005730803206], [0.13277767992363296, -0.014269571076681269, 0.6495589413441184], [0.132208379612688, -0.015087857943065408, 0.6611898330489403], [0.14457762277087602, 0.021846373385974026, 0.6618194897469794], [0.14514204725707913, 0.052270987085148456, 0.6651993002638773], [0.1568066297110117, -0.043862178677956457, 0.6499553130571067], [0.14773293320489053, -0.034117204839880906, 0.6368705824326113], [-358.2971578941127, -407.7081516222819, -1358.3991912691695], [0.12947063201429376, -0.057612355871251665, 0.6618107157234538], [0.13709893833585107, -0.043268563956042734, 0.677609178725016], [0.14896411902334306, -0.045352889897127734, 0.6745178683572264], [0.13031344237407044, -0.06505166863549403, 0.6510224706827056], [0.1343078907214786, -0.08190936252680654, 0.6487625352351697]], "Ms": [[[1.0, 0.0, 0.0, 0.0], [0.0, 1.0, 0.0, 0.0], [0.0, 0.0, 1.0, 0.0]], [[-0.04442386488288922, 0.11317251898236855, -0.9925817352621659, 0.7126603759421036], [-0.08910045431081182, 0.9891541824473351, 0.1167694839782689, -0.07998915594569932], [0.9950314714974967, 0.09362683533116824, -0.03385832889255715, 0.5955444174406396]], [[0.5353700814097946, -0.10948931997531974, 0.8374908744234842, -0.5901643953695572], [0.1291242654309484, 0.9905162567700285, 0.04695177473972033, -0.06490514380479258], [-0.8346890439008937, 0.08300381850031664, 0.5444304970390422, 0.4768965258415202]]], "world_camera_id": 0}