{"Pts": [[-0.144819468746978, 0.02915220657581356, 0.8305967165389389], [-0.1461152835932628, 0.0017549187337831057, 0.8501666761947914], [-0.15196118401437297, -0.02638631547519152, 0.8353162697001092], [-0.16176728951627767, -0.027292242125997786, 0.8376082365976036], [-0.1590678399328549, 0.005054238637200145, 0.842874592672774], [-0.15509282147789874, 0.039616873067092113, 0.8465179184735099], [-0.14296816105065974, -0.03965815424537047, 0.8312862392280662], [-0.13935468303736906, -0.05023444077209477, 0.8207036440564144], [-0.14791531492700566, -0.07158567110714245, 0.828555748249988], [-0.16941271675682468, -0.06876009954096293, 0.8323464211256866], [-0.17996876955905647, -0.04775341290152625, 0.8364001282917163], [-0.171543800388777, -0.03342375080382838, 0.8406839595917371], [-0.15838110191311908, -0.07575833367331772, 0.8349713949130547], [-0.15917110981746274, -0.09267707748856727, 0.841539779824987], [-0.18722753011439713, 0.06456457400085261, 0.6434536071214682], [-0.1821514310458365, 0.03332627243637112, 0.6401882523629012], [-0.18012981086072924, 0.004338701525983325, 0.6332020867657914], [-0.1907364214201183, 0.002223452821797905, 0.6413043918574434], [-0.1888325816904429, 0.0266134804723155, 0.6534287667979163], [-0.19373844475788837, 0.05870257671717757, 0.640655804254434], [-0.1635588381982039, 0.0020393150553282675, 0.6420973431020345], [-0.16934482315438615, -0.019898024979493535, 0.6317973980180273], [-0.17522404244187728, -0.04931760167469359, 0.6264899045393504], [-0.19464690858601588, -0.04969689735393291, 0.6337790042920055], [-0.20454007700073662, -0.021592162183814143, 0.6377323374831833], [-0.20563018084232237, -0.0020648952061587695, 0.646670126275941], [-0.18231634940119068, -0.054234451569482346, 0.6317210412712857], [-0.17871631099585616, -0.07106896348437913, 0.6356104289529083]], "Ms": [[[1.0, 0.0, 0.0, 0.0], [0.0, 1.0, 0.0, 0.0], [0.0, 0.0, 1.0, 0.0]], [[-0.04442386488288922, 0.11317251898236855, -0.9925817352621659, 0.7126603759421036], [-0.08910045431081182, 0.9891541824473351, 0.1167694839782689, -0.07998915594569932], [0.9950314714974967, 0.09362683533116824, -0.03385832889255715, 0.5955444174406396]], [[0.5353700814097946, -0.10948931997531974, 0.8374908744234842, -0.5901643953695572], [0.1291242654309484, 0.9905162567700285, 0.04695177473972033, -0.06490514380479258], [-0.8346890439008937, 0.08300381850031664, 0.5444304970390422, 0.4768965258415202]]], "world_camera_id": 0}