{"Pts": [[0.15203168642271545, 0.05456136229874333, 0.6488863981220799], [0.15347398755999575, 0.021987017965085856, 0.6487415515541824], [0.14869668038030484, -0.015311440124110455, 0.6471747131995855], [0.14188777152681162, -0.016115711761176214, 0.6564150468351695], [-319.88993634967426, -402.87955157069524, -1213.8679016254785], [0.14836837512148981, 0.05490611655030317, 0.664802708395227], [-324.1041518106053, -374.9855572976823, -1226.742625838896], [0.15021282233128497, -0.032386885395875004, 0.6349483778893649], [0.14659981150115553, -0.05679672067431346, 0.6380532677152904], [0.13943342430739947, -0.05813323243575254, 0.6589955738854741], [-323.53799843105264, -371.6656394346864, -1225.4498987033887], [-323.8028523148981, -372.6003959964307, -1226.005471058223], [0.14476167912757681, -0.06499897746128529, 0.6492611504197895], [0.14766610241125688, -0.08063353385039913, 0.6489411709764513]], "Ms": [[[1.0, 0.0, 0.0, 0.0], [0.0, 1.0, 0.0, 0.0], [0.0, 0.0, 1.0, 0.0]], [[-0.04442386488288922, 0.11317251898236855, -0.9925817352621659, 0.7126603759421036], [-0.08910045431081182, 0.9891541824473351, 0.1167694839782689, -0.07998915594569932], [0.9950314714974967, 0.09362683533116824, -0.03385832889255715, 0.5955444174406396]], [[0.5353700814097946, -0.10948931997531974, 0.8374908744234842, -0.5901643953695572], [0.1291242654309484, 0.9905162567700285, 0.04695177473972033, -0.06490514380479258], [-0.8346890439008937, 0.08300381850031664, 0.5444304970390422, 0.4768965258415202]]], "world_camera_id": 0}