{"Pts": [[-0.14780231699834848, 0.03135083911784058, 0.8126484700952368], [-0.1451752702414928, 0.004836024826112927, 0.8349436860774816], [-0.15260307871153345, -0.02448569146254204, 0.8277575166566028], [-0.16052039152706193, -0.02412947922417295, 0.8308041226702664], [-0.15866978815257105, 0.0053440416565257165, 0.8401783027549132], [-0.15488947652854923, 0.03894052543003124, 0.8464087643383129], [-0.14197114072225972, -0.0389721387926325, 0.8247369661529862], [-0.13843255922248146, -0.05033635758813843, 0.8149165180124598], [-0.14690708699928193, -0.0695438707547481, 0.8223424888770361], [-0.16827419311790257, -0.06812697728304333, 0.8263201106915082], [-0.1805553550694122, -0.04666474485423833, 0.8301527816563686], [-0.1704607010991978, -0.03276449270917242, 0.8346626583780561], [-0.1591020776990413, -0.07504015511565054, 0.8283642161898601], [-0.16000860116382568, -0.09141701537790388, 0.8350245448853078], [-0.18647166430942574, 0.06596463835347438, 0.6436495672844489], [-0.18082209383804765, 0.03290392545727595, 0.6376240752569768], [-0.1885437011428226, 0.007833852621946876, 0.6313681875915903], [-0.19883498316509232, 0.006421669153400301, 0.6377213729119129], [-0.1955250330641869, 0.02938835132813622, 0.6437062583620354], [-0.20562927942051742, 0.05580800019890037, 0.6231646335379093], [-0.1750468609997045, -0.005444792333931027, 0.6220749043905965], [-0.17805133591850428, -0.021640096868725034, 0.6186630121937058], [-0.18152208732564032, -0.04566508680673307, 0.6184014396984462], [-0.19913477351103906, -0.046340930145361434, 0.6291842917092876], [-0.20925941870825743, -0.0220957709448242, 0.6346371145386214], [-0.21197954637189956, 0.00126586501652384, 0.6419045519923307], [-0.187634839481411, -0.051663264818869514, 0.6252318273109034], [-0.18452851630227485, -0.06967376929102936, 0.6308308990463367]], "Ms": [[[1.0, 0.0, 0.0, 0.0], [0.0, 1.0, 0.0, 0.0], [0.0, 0.0, 1.0, 0.0]], [[-0.04442386488288922, 0.11317251898236855, -0.9925817352621659, 0.7126603759421036], [-0.08910045431081182, 0.9891541824473351, 0.1167694839782689, -0.07998915594569932], [0.9950314714974967, 0.09362683533116824, -0.03385832889255715, 0.5955444174406396]], [[0.5353700814097946, -0.10948931997531974, 0.8374908744234842, -0.5901643953695572], [0.1291242654309484, 0.9905162567700285, 0.04695177473972033, -0.06490514380479258], [-0.8346890439008937, 0.08300381850031664, 0.5444304970390422, 0.4768965258415202]]], "world_camera_id": 0}