{"Pts": [[-0.13279182612635854, 0.053472625243894754, 0.7204885061949252], [-0.12809718958218919, 0.02298449113415594, 0.7220188992641496], [-0.12342529088310207, -0.007384027825949005, 0.7265871982853832], [-0.13836607640370854, -0.00912371791665425, 0.7360778356190223], [-0.13105582087051407, 0.018432835428483223, 0.7488461836890319], [-0.12525536006475024, 0.049832718450534066, 0.760771226127595], [-0.10813751423882184, -0.015799498078633817, 0.7369957122699381], [-0.11691307076275498, -0.03473396210559184, 0.7275169602345148], [-0.11688484147144593, -0.06131949361710578, 0.7209794729141353], [-0.14138013689740955, -0.06078631582591746, 0.7288395543296788], [-0.14262029095883882, -0.03369443741736067, 0.7331819582604115], [-0.14426935332549734, -0.01409684411292269, 0.7396816868796495], [-0.1292617433108905, -0.06752076782801593, 0.7267899155402191], [-0.1274308721283625, -0.08659206538700091, 0.7284812058254052]], "Ms": [[[1.0, 0.0, 0.0, 0.0], [0.0, 1.0, 0.0, 0.0], [0.0, 0.0, 1.0, 0.0]], [[-0.04442386488288922, 0.11317251898236855, -0.9925817352621659, 0.7126603759421036], [-0.08910045431081182, 0.9891541824473351, 0.1167694839782689, -0.07998915594569932], [0.9950314714974967, 0.09362683533116824, -0.03385832889255715, 0.5955444174406396]], [[0.5353700814097946, -0.10948931997531974, 0.8374908744234842, -0.5901643953695572], [0.1291242654309484, 0.9905162567700285, 0.04695177473972033, -0.06490514380479258], [-0.8346890439008937, 0.08300381850031664, 0.5444304970390422, 0.4768965258415202]]], "world_camera_id": 0}