{"Pts": [[0.15203134893833212, 0.054561362289367574, 0.6488866662987328], [0.15306714648872227, 0.02203180540767492, 0.6470845093027434], [0.14831146776571552, -0.015207566074082779, 0.6455339923940568], [0.14443395061033715, -0.015916498253349873, 0.6544408176067038], [0.14736595379211562, 0.020405501182127205, 0.6615054446431707], [0.14797287686313332, 0.05490228060035892, 0.6631485265321792], [0.16588637610910087, -0.03575894439979827, 0.6391694100443256], [0.15161257610502116, -0.03235372277615695, 0.6347466332075015], [0.14622369636119284, -0.05663180295263781, 0.6364316391792502], [0.13909139724897618, -0.05796679237304022, 0.6573778436624523], [0.14900827818268958, -0.03858122479478227, 0.6617687591680648], [0.1562302008042239, -0.04022869571160835, 0.6538897891622251], [0.1458305992637806, -0.06481345995670791, 0.6474645218744206], [0.1497784931893846, -0.08099705459972745, 0.6452423187555993]], "Ms": [[[1.0, 0.0, 0.0, 0.0], [0.0, 1.0, 0.0, 0.0], [0.0, 0.0, 1.0, 0.0]], [[-0.04442386488288922, 0.11317251898236855, -0.9925817352621659, 0.7126603759421036], [-0.08910045431081182, 0.9891541824473351, 0.1167694839782689, -0.07998915594569932], [0.9950314714974967, 0.09362683533116824, -0.03385832889255715, 0.5955444174406396]], [[0.5353700814097946, -0.10948931997531974, 0.8374908744234842, -0.5901643953695572], [0.1291242654309484, 0.9905162567700285, 0.04695177473972033, -0.06490514380479258], [-0.8346890439008937, 0.08300381850031664, 0.5444304970390422, 0.4768965258415202]]], "world_camera_id": 0}