{"Pts": [[-0.14653967439129875, 0.03212464072872628, 0.8845002877652428], [-0.1471541410144192, 0.00048703894415400126, 0.8710654411539772], [-0.15106241822452066, -0.029984314099138817, 0.8568807692552094], [-0.16077650099321425, -0.029200165109532907, 0.8561849618504245], [-0.16083849181219065, 0.005352544858285467, 0.8529052512575823], [-0.15488947453642762, 0.03894052312397537, 0.8464087620076438], [-0.1385352370342082, -0.042542320870757204, 0.8516466546941992], [-0.1337179563048778, -0.051962111135740605, 0.8464928739866853], [-0.1458696634630209, -0.07153824589141342, 0.8511695883820943], [-0.1635641962314353, -0.07144282575191728, 0.8527568767998007], [-0.17290910247149963, -0.047487703232548244, 0.8507837340883623], [-0.1683109618169688, -0.03345214201212368, 0.8552317431922337], [-0.15799983929442413, -0.07683999870532858, 0.8544922827302409], [-0.1587141212568465, -0.09306239830213182, 0.8601649814416281], [-0.18638335894644212, 0.06459305771200159, 0.6460097509793293], [-0.17599631456115147, 0.03404411106794454, 0.6457886940136304], [-0.16873567139301468, 0.005006409417956373, 0.6446692594837218], [-0.18106247879288687, 0.0035351512862869102, 0.6586769317858965], [-0.1742724412160823, 0.028518429550425703, 0.6713350779924677], [-0.16079620600393302, 0.05793825849653222, 0.6815246269041939], [-0.15330197345276525, -0.00785080357380782, 0.663469535704253], [-0.16042021783953692, -0.02124253000693676, 0.6497334692906658], [-0.16492487500625372, -0.049124768215171456, 0.6419708149303239], [-0.18357869613109354, -0.04891806276683827, 0.6509965004265528], [-0.18954673524048768, -0.022688733989556197, 0.6532815061014172], [-0.18806783105453279, -0.0024666079744970417, 0.6593304081081242], [-0.1725979951663708, -0.056268387284648516, 0.6496415409402172], [-0.1701784945794331, -0.07446090723333018, 0.6538204678809586]], "Ms": [[[1.0, 0.0, 0.0, 0.0], [0.0, 1.0, 0.0, 0.0], [0.0, 0.0, 1.0, 0.0]], [[-0.04442386488288922, 0.11317251898236855, -0.9925817352621659, 0.7126603759421036], [-0.08910045431081182, 0.9891541824473351, 0.1167694839782689, -0.07998915594569932], [0.9950314714974967, 0.09362683533116824, -0.03385832889255715, 0.5955444174406396]], [[0.5353700814097946, -0.10948931997531974, 0.8374908744234842, -0.5901643953695572], [0.1291242654309484, 0.9905162567700285, 0.04695177473972033, -0.06490514380479258], [-0.8346890439008937, 0.08300381850031664, 0.5444304970390422, 0.4768965258415202]]], "world_camera_id": 0}