{"Pts": [[0.15150201080752762, 0.056144273080882295, 0.6476612524813621], [0.15269465034775448, 0.02128441360091019, 0.6452540345852992], [0.1500207408265018, -0.01324450275749083, 0.6403936605178141], [0.1440503668618559, -0.015024326071522242, 0.652937629758559], [0.14629880658611408, 0.018966997992595516, 0.656213556450513], [0.14718423017518886, 0.054893652890595356, 0.6598440394092777], [0.16879935943565832, -0.04248849484682578, 0.6451882764986598], [0.16682733031508148, -0.033967887985504534, 0.6376114542385006], [0.14828240539035908, -0.05548832326651698, 0.6328584442511109], [0.13732991546540133, -0.05869356671489726, 0.6491694053543283], [0.14788136486737244, -0.038163151711154024, 0.6568493154932414], [0.16086303613755012, -0.04454296371534689, 0.6666720031144161], [0.1439868366845643, -0.06392242545164363, 0.6393765875654153], [0.14863758736674032, -0.08038583155739647, 0.640384122396725], [-0.006098349130121213, 0.025538360903557076, 0.8986676184131024], [-0.010327401108405231, -0.006798458445296347, 0.8954845464697399], [-0.012590101216004302, -0.0330849296466054, 0.8949864762561697], [-0.0023117026668663036, -0.0336391585253931, 0.9068388103156806], [-0.0014982048483754905, -0.009753171453374938, 0.9088345157257078], [-0.012315497751329476, 0.01577934996763831, 0.9251231000085943], [-0.01205221356408095, -0.03317341608085137, 0.8845763623075227], [-0.020419328803137873, -0.057212970349584655, 0.8878494375466124], [-0.02052803691434016, -0.08446154933187372, 0.8888569837604048], [-0.002219590338742126, -0.08703196730170332, 0.9039879724977011], [-0.0043793919861122065, -0.06071646666721116, 0.9047922842466747], [-0.0002312462765546678, -0.043048325989100925, 0.8955778633628321], [-0.01036536126439879, -0.09211586846038126, 0.8944326702665941], [-0.006312000800730287, -0.10891819029343576, 0.8892893449655244]], "Ms": [[[1.0, 0.0, 0.0, 0.0], [0.0, 1.0, 0.0, 0.0], [0.0, 0.0, 1.0, 0.0]], [[-0.04442386488288922, 0.11317251898236855, -0.9925817352621659, 0.7126603759421036], [-0.08910045431081182, 0.9891541824473351, 0.1167694839782689, -0.07998915594569932], [0.9950314714974967, 0.09362683533116824, -0.03385832889255715, 0.5955444174406396]], [[0.5353700814097946, -0.10948931997531974, 0.8374908744234842, -0.5901643953695572], [0.1291242654309484, 0.9905162567700285, 0.04695177473972033, -0.06490514380479258], [-0.8346890439008937, 0.08300381850031664, 0.5444304970390422, 0.4768965258415202]]], "world_camera_id": 0}