{"Pts": [[0.12187857800842417, 0.050695999625568866, 0.6628506549151316], [0.14152579933716491, 0.019584155231177104, 0.6552532357922342], [0.13714526150401796, -0.015682334454779834, 0.648742683153719], [0.13485689001170076, -0.016454426732901893, 0.6589789830485788], [0.1459719042087158, 0.021126468040665675, 0.6616646969729748], [0.14670849300277006, 0.05318401689641295, 0.6650205748167928], [0.15971266910295964, -0.04303736685183243, 0.6496645490639091], [0.15197858466373962, -0.0332530324882528, 0.6363305665470272], [0.13247270457554733, -0.055407738894138976, 0.6401729887318088], [0.13275318706662748, -0.05775238770156819, 0.6630917274893804], [0.1416554791291472, -0.043193200643265116, 0.677208618791504], [-356.50859991492337, -405.6612367974454, -1349.7678758353243], [0.1364241390658146, -0.06597995069711693, 0.6518435229270584], [0.14045601032485275, -0.08211893845695958, 0.6495975260469155]], "Ms": [[[1.0, 0.0, 0.0, 0.0], [0.0, 1.0, 0.0, 0.0], [0.0, 0.0, 1.0, 0.0]], [[-0.04442386488288922, 0.11317251898236855, -0.9925817352621659, 0.7126603759421036], [-0.08910045431081182, 0.9891541824473351, 0.1167694839782689, -0.07998915594569932], [0.9950314714974967, 0.09362683533116824, -0.03385832889255715, 0.5955444174406396]], [[0.5353700814097946, -0.10948931997531974, 0.8374908744234842, -0.5901643953695572], [0.1291242654309484, 0.9905162567700285, 0.04695177473972033, -0.06490514380479258], [-0.8346890439008937, 0.08300381850031664, 0.5444304970390422, 0.4768965258415202]]], "world_camera_id": 0}