{"Pts": [[0.12714609349420533, 0.04482086784101771, 0.6580602648021199], [0.14620928029729435, 0.01924419274498728, 0.6494631329972228], [0.13860068587600557, -0.016415817004286258, 0.6484288085341711], [0.1366861943696861, -0.01729881257430961, 0.6603007534062565], [0.14597190426141268, 0.021126468014964987, 0.6616646970746802], [0.1467084943413439, 0.05318401072668713, 0.6650205760478235], [0.16221001880130953, -0.04126905989801579, 0.6478102543023554], [0.1431025483941478, -0.03639789009452276, 0.6355951475698878], [0.13420443934365764, -0.057099091648711506, 0.6414213602747739], [0.13454979952140264, -0.05868965115046747, 0.6644562793197508], [0.14515885955745347, -0.04189570485902405, 0.6719786976288911], [0.15806487267674993, -0.042012593538263254, 0.6740946811584397], [0.13787426980065792, -0.06597409984818428, 0.65166869109248], [0.14189851428034472, -0.08212600842549551, 0.6494231926479764]], "Ms": [[[1.0, 0.0, 0.0, 0.0], [0.0, 1.0, 0.0, 0.0], [0.0, 0.0, 1.0, 0.0]], [[-0.04442386488288922, 0.11317251898236855, -0.9925817352621659, 0.7126603759421036], [-0.08910045431081182, 0.9891541824473351, 0.1167694839782689, -0.07998915594569932], [0.9950314714974967, 0.09362683533116824, -0.03385832889255715, 0.5955444174406396]], [[0.5353700814097946, -0.10948931997531974, 0.8374908744234842, -0.5901643953695572], [0.1291242654309484, 0.9905162567700285, 0.04695177473972033, -0.06490514380479258], [-0.8346890439008937, 0.08300381850031664, 0.5444304970390422, 0.4768965258415202]]], "world_camera_id": 0}