{"Pts": [[0.15162011419408156, 0.054553489255954005, 0.6472308372795518], [0.15225521826193744, 0.02212072075326921, 0.6437748317285458], [0.15003124072241847, -0.014028842060286094, 0.6402635833685228], [0.14369494918882833, -0.015706991020106736, 0.6511729559509191], [0.14668142386556898, 0.018915432814041146, 0.6578598317727197], [0.14763988753457738, 0.05409612387652386, 0.6612781281638311], [0.17180679964673634, -0.03915263308933181, 0.634624694756258], [0.16423444389355654, -0.03320028788867649, 0.6275381082334308], [0.14788257614684874, -0.056097340090633344, 0.6311627417514661], [0.13701711793981944, -0.05697159744161735, 0.647718749022926], [0.14788136520238096, -0.03816315011161219, 0.6568493148717695], [0.16005650154363266, -0.0426402896103181, 0.6635398196385799], [0.14398683663143, -0.0639224252354699, 0.6393765874952966], [0.1485668019750608, -0.08194542154110782, 0.6402908588596431], [-0.018588209923458908, 0.022327002835286772, 0.913987183184816], [-0.016156084527660458, -0.01018548311891541, 0.9109577683723024], [-0.021001145537240626, -0.03767721755443815, 0.9157611499373808], [-0.012597265422886177, -0.03757999570834683, 0.9272891468161194], [-0.015993611833810383, -0.006188926758467456, 0.9304455523669055], [-0.018468039682984706, 0.023309788000910922, 0.9343081611327699], [-0.026775279461816993, -0.03998096655656219, 0.9022932432222665], [-0.031030069673169396, -0.05934716939814295, 0.9079102239086381], [-0.03111110697937964, -0.08881087532794782, 0.9095537648779155], [-0.010513520738283062, -0.09016765143916151, 0.9262422996953742], [-0.00630891461831179, -0.06581889890776277, 0.9315155026139371], [0.004544667995295779, -0.04432738584277559, 0.9279360921360033], [-0.0208552447956354, -0.09519249363759222, 0.9169230943877943], [-0.01664277253195022, -0.11181710657490118, 0.9108301894433101]], "Ms": [[[1.0, 0.0, 0.0, 0.0], [0.0, 1.0, 0.0, 0.0], [0.0, 0.0, 1.0, 0.0]], [[-0.04442386488288922, 0.11317251898236855, -0.9925817352621659, 0.7126603759421036], [-0.08910045431081182, 0.9891541824473351, 0.1167694839782689, -0.07998915594569932], [0.9950314714974967, 0.09362683533116824, -0.03385832889255715, 0.5955444174406396]], [[0.5353700814097946, -0.10948931997531974, 0.8374908744234842, -0.5901643953695572], [0.1291242654309484, 0.9905162567700285, 0.04695177473972033, -0.06490514380479258], [-0.8346890439008937, 0.08300381850031664, 0.5444304970390422, 0.4768965258415202]]], "world_camera_id": 0}