{"Pts": [[-0.15276522026660988, 0.05695620852144689, 0.6998856862926041], [-0.1555461942581823, 0.02640609297548866, 0.6848257133340504], [-0.16022714837576932, -0.005497089155559727, 0.6738228676250932], [-0.17238159082852156, -0.006769823995319239, 0.672896755328485], [-0.17094552339950722, 0.02682006327294537, 0.6699351883732636], [-0.16788538571540398, 0.06094918484068176, 0.6607057942296509], [-0.15365497662757713, -0.020195040646303283, 0.6809785593633011], [-0.14970213243610325, -0.0278207482402417, 0.6714788857518349], [-0.15247431978012296, -0.04814983593460868, 0.6648301970991818], [-0.17442542142759804, -0.04744677735750175, 0.6669760301046113], [-0.18126926550262534, -0.02639064165414507, 0.6732597719404881], [-0.17854360022976395, -0.023766176772343904, 0.6836326731223328], [-0.16465297440120544, -0.05388534272771543, 0.6654266938435773], [-0.1659186501185673, -0.07204442737306516, 0.6731581472673437]], "Ms": [[[1.0, 0.0, 0.0, 0.0], [0.0, 1.0, 0.0, 0.0], [0.0, 0.0, 1.0, 0.0]], [[-0.04442386488288922, 0.11317251898236855, -0.9925817352621659, 0.7126603759421036], [-0.08910045431081182, 0.9891541824473351, 0.1167694839782689, -0.07998915594569932], [0.9950314714974967, 0.09362683533116824, -0.03385832889255715, 0.5955444174406396]], [[0.5353700814097946, -0.10948931997531974, 0.8374908744234842, -0.5901643953695572], [0.1291242654309484, 0.9905162567700285, 0.04695177473972033, -0.06490514380479258], [-0.8346890439008937, 0.08300381850031664, 0.5444304970390422, 0.4768965258415202]]], "world_camera_id": 0}