{"Pts": [[0.15162011313186533, 0.05455348946998797, 0.6472308381383108], [0.15225521778244608, 0.022120720813439576, 0.6437748319431397], [0.15003124050266345, -0.01402884205967821, 0.6402635834526235], [0.1436949493189996, -0.015706990958731328, 0.6511729558891751], [0.14702483852779072, 0.019659523413196975, 0.6596817133260965], [0.1480346105447951, 0.05409902456851488, 0.6629309216347301], [0.17050665046076485, -0.03686899879140453, 0.6350309125104875], [0.15736464508839018, -0.032593353691897475, 0.6286315708740168], [0.14788257571524596, -0.05609733995704637, 0.6311627420688206], [0.13770705178439627, -0.057302632267533606, 0.650933703016321], [0.1478813664363213, -0.03816315018698628, 0.656849314440163], [0.16201292509396578, -0.041184859281159426, 0.6651968048136305], [0.144354780860198, -0.06410028024227532, 0.6409915945689646], [0.1485668023230949, -0.08194542162521992, 0.6402908588592465]], "Ms": [[[1.0, 0.0, 0.0, 0.0], [0.0, 1.0, 0.0, 0.0], [0.0, 0.0, 1.0, 0.0]], [[-0.04442386488288922, 0.11317251898236855, -0.9925817352621659, 0.7126603759421036], [-0.08910045431081182, 0.9891541824473351, 0.1167694839782689, -0.07998915594569932], [0.9950314714974967, 0.09362683533116824, -0.03385832889255715, 0.5955444174406396]], [[0.5353700814097946, -0.10948931997531974, 0.8374908744234842, -0.5901643953695572], [0.1291242654309484, 0.9905162567700285, 0.04695177473972033, -0.06490514380479258], [-0.8346890439008937, 0.08300381850031664, 0.5444304970390422, 0.4768965258415202]]], "world_camera_id": 0}