{"Pts": [[-0.13592017945354196, 0.05376282192997897, 0.7187071156034252], [-0.1309418545895791, 0.02361965966208778, 0.7181496610791727], [-0.1254863828428063, -0.00685402932793218, 0.7183555762369614], [-0.14040587904289706, -0.009355438109956158, 0.7289707019948626], [-0.13467818229436834, 0.017174138372600654, 0.7413528428781845], [-0.12866207521681888, 0.04761341633260883, 0.7574546700929046], [-0.1108815551277438, -0.017852048994491138, 0.7344825142118377], [-0.11443165111437915, -0.03379599360920772, 0.7231824843067132], [-0.1190548639650422, -0.060551211546141785, 0.7137789674665517], [-0.1415918144405378, -0.05996556939374787, 0.7209588503174117], [-0.14399876711437498, -0.03272637636554507, 0.7223513549209669], [-0.14581356534765239, -0.011087083643023316, 0.7272590038355548], [-0.1312032485199466, -0.06663170263978979, 0.7187659895445342], [-0.1292471910249377, -0.08614360913153452, 0.719377944004754]], "Ms": [[[1.0, 0.0, 0.0, 0.0], [0.0, 1.0, 0.0, 0.0], [0.0, 0.0, 1.0, 0.0]], [[-0.04442386488288922, 0.11317251898236855, -0.9925817352621659, 0.7126603759421036], [-0.08910045431081182, 0.9891541824473351, 0.1167694839782689, -0.07998915594569932], [0.9950314714974967, 0.09362683533116824, -0.03385832889255715, 0.5955444174406396]], [[0.5353700814097946, -0.10948931997531974, 0.8374908744234842, -0.5901643953695572], [0.1291242654309484, 0.9905162567700285, 0.04695177473972033, -0.06490514380479258], [-0.8346890439008937, 0.08300381850031664, 0.5444304970390422, 0.4768965258415202]]], "world_camera_id": 0}