{"Pts": [[-0.16176716161592514, 0.05134180895236825, 0.635261009541757], [-0.156427560744117, 0.027659632428117725, 0.6566274871448979], [-0.16422005713542048, -0.0016755949283823702, 0.6515903956441624], [-0.17418888792329637, -0.002946285203421273, 0.6507394852103076], [-0.16932550552498776, 0.02826382474966621, 0.6612772100251592], [-0.16700756568199793, 0.06426215832215972, 0.6601887127041036], [-0.15834763461136128, -0.01745496762010533, 0.6603974327981513], [-0.15501860770700154, -0.020759924022714385, 0.652497435725046], [-0.15806851016933715, -0.04592017142090189, 0.6435958648488035], [-0.1797089810810902, -0.044832039287864014, 0.6469095937754612], [-0.18251306919237956, -0.022783473600568233, 0.6536646077343532], [-0.18002420642621103, -0.02080854902980702, 0.663878636665303], [-0.16839829373267706, -0.052077626867127524, 0.6444172514809018], [-0.16827348122642938, -0.06841250348954712, 0.652139819318502]], "Ms": [[[1.0, 0.0, 0.0, 0.0], [0.0, 1.0, 0.0, 0.0], [0.0, 0.0, 1.0, 0.0]], [[-0.04442386488288922, 0.11317251898236855, -0.9925817352621659, 0.7126603759421036], [-0.08910045431081182, 0.9891541824473351, 0.1167694839782689, -0.07998915594569932], [0.9950314714974967, 0.09362683533116824, -0.03385832889255715, 0.5955444174406396]], [[0.5353700814097946, -0.10948931997531974, 0.8374908744234842, -0.5901643953695572], [0.1291242654309484, 0.9905162567700285, 0.04695177473972033, -0.06490514380479258], [-0.8346890439008937, 0.08300381850031664, 0.5444304970390422, 0.4768965258415202]]], "world_camera_id": 0}