{"Pts": [[-0.15298627132204734, 0.04218059589621604, 0.8023605418697758], [-0.14520744088453003, 0.0111821994657783, 0.8174140978694181], [-0.15130371260921904, -0.023621497966984106, 0.8194979422247788], [-0.159034387229172, -0.023172063363289246, 0.821836865324893], [-0.15902769113128087, 0.007644702623016038, 0.8372095564657317], [-0.15441484045853388, 0.03963533867417882, 0.8455379251131518], [-0.14073501550012918, -0.03764234834123556, 0.8172452972258952], [-0.13750559704753576, -0.04677327242043083, 0.807718788341514], [-0.14751303406462646, -0.0682050113554457, 0.8146805418488751], [-0.16663344122362575, -0.06721641949377431, 0.817634828535774], [-0.1766929803719649, -0.04390542152637932, 0.8206197059947026], [-0.16896019789416883, -0.03258782334886734, 0.8267577114787352], [-0.1575598440969887, -0.07361539965841092, 0.8195325579839343], [-0.15843875863621013, -0.09051771156706519, 0.8262373896633612], [-0.18491852005602646, 0.06560656334322473, 0.644054654422347], [-0.18285607080558317, 0.03451505909261308, 0.6376402513008297], [-0.1918761083036561, 0.008821460325201229, 0.6224482667868269], [-0.20217953054322296, 0.007399188277212927, 0.6290460264786879], [-0.21010448719321076, 0.03584820228007007, 0.6313494896532093], [-0.21411141925401192, 0.06481140571333813, 0.6148427730868211], [-0.17947000928225895, -0.000372328397773183, 0.6150184846952739], [-0.18324694834309152, -0.019546425943283333, 0.6120946424326287], [-0.18511032786003911, -0.04375072623122024, 0.611405266893216], [-0.20337498537602, -0.04523869152610858, 0.6244111304356014], [-0.21114578428806022, -0.018434881907656103, 0.6291760356454831], [-0.2146292276713775, 0.0028732947875906053, 0.6375159475740868], [-0.19121010434107785, -0.050297337733129346, 0.6182699417964755], [-0.18898794913095115, -0.06664882278818858, 0.6268754787880123]], "Ms": [[[1.0, 0.0, 0.0, 0.0], [0.0, 1.0, 0.0, 0.0], [0.0, 0.0, 1.0, 0.0]], [[-0.04442386488288922, 0.11317251898236855, -0.9925817352621659, 0.7126603759421036], [-0.08910045431081182, 0.9891541824473351, 0.1167694839782689, -0.07998915594569932], [0.9950314714974967, 0.09362683533116824, -0.03385832889255715, 0.5955444174406396]], [[0.5353700814097946, -0.10948931997531974, 0.8374908744234842, -0.5901643953695572], [0.1291242654309484, 0.9905162567700285, 0.04695177473972033, -0.06490514380479258], [-0.8346890439008937, 0.08300381850031664, 0.5444304970390422, 0.4768965258415202]]], "world_camera_id": 0}