{"Pts": [[-0.14999182457682436, 0.03353067453883679, 0.8887209411950799], [-0.14942023000729346, 0.0019212059682722318, 0.8842057837970974], [-0.14977162046896392, -0.032009185481638, 0.8732694316178771], [-0.15946374877160704, -0.031085338451879403, 0.8712937091227633], [-0.1615014089737327, 0.004841040863538936, 0.8713106470171589], [-0.15895563068657692, 0.029603969272727747, 0.8530708984859149], [-0.13948323532166937, -0.04153368867745848, 0.8702646743667768], [-0.1325260499887929, -0.05312902343995926, 0.8655518425956399], [-0.14262517723349746, -0.07388827129066192, 0.8681738391096028], [-0.1638605027287615, -0.07209468879835952, 0.8654349118267736], [-0.16969827146804053, -0.04998502647416303, 0.8649899671929849], [-0.16720275312031346, -0.03582854827438081, 0.8699604706719274], [-0.1548684121919151, -0.07916637011366412, 0.8710036159392284], [-0.15569386218245598, -0.09451732611584943, 0.8767266537263678], [-0.1756967459309376, 0.05288898299516312, 0.6521012685122131], [-0.15432424620014112, 0.028403955604828345, 0.6627489652539875], [-0.15942342831064263, 0.0021214233701348506, 0.6618478859463655], [-0.17252383638233512, 0.0008650028253498974, 0.6727964860415014], [-0.16486335016932682, 0.029165155154978487, 0.6815693003409601], [-0.16204032471674948, 0.06008762048458131, 0.6817951541509238], [-0.15271000169518859, -0.005600470887089067, 0.6702883000730853], [-0.15500459586877857, -0.02617434447706771, 0.6598125958694573], [-0.1573101671840579, -0.05224184444962088, 0.6535296099519854], [-0.17918216934013728, -0.05117738197840565, 0.6683108197155744], [-0.18164587454070702, -0.026094931873154783, 0.6751480956787408], [-0.177943553758494, -0.006174449545477343, 0.6798447585399572], [-0.16524746146493066, -0.058204727574584905, 0.6621909726749595], [-0.16399259571732297, -0.07595599855490232, 0.6657454917660859]], "Ms": [[[1.0, 0.0, 0.0, 0.0], [0.0, 1.0, 0.0, 0.0], [0.0, 0.0, 1.0, 0.0]], [[-0.04442386488288922, 0.11317251898236855, -0.9925817352621659, 0.7126603759421036], [-0.08910045431081182, 0.9891541824473351, 0.1167694839782689, -0.07998915594569932], [0.9950314714974967, 0.09362683533116824, -0.03385832889255715, 0.5955444174406396]], [[0.5353700814097946, -0.10948931997531974, 0.8374908744234842, -0.5901643953695572], [0.1291242654309484, 0.9905162567700285, 0.04695177473972033, -0.06490514380479258], [-0.8346890439008937, 0.08300381850031664, 0.5444304970390422, 0.4768965258415202]]], "world_camera_id": 0}