{"Pts": [[-0.14383743650314013, 0.029940562226508115, 0.8387155515507774], [-0.14655796184041261, -0.001387052175076951, 0.8544097223891015], [-0.15224480294411302, -0.026578217408142018, 0.8371376285497171], [-0.16220952340052575, -0.02757784408605814, 0.8402601519764148], [-0.15920039149756882, 0.0049575560227478705, 0.8437718133254131], [-0.15500335657247127, 0.03884499753073657, 0.8473230872726341], [-0.13982114476023344, -0.04040737722772488, 0.8348676138031754], [-0.13787336038505074, -0.05096347888265592, 0.8229030980904798], [-0.14821595390307873, -0.07177631406347229, 0.8303807991526206], [-0.16973653247240472, -0.06894034931797152, 0.8340602329666172], [-0.17848439221385004, -0.047914842996787756, 0.8385395716000185], [-0.1718520627391194, -0.03361189249694942, 0.8423966255593064], [-0.15884651181972864, -0.07603284533148505, 0.8376155183677837], [-0.15947881219347154, -0.09285506198694735, 0.8432841026727084], [-0.1841389707431681, 0.06383899062357887, 0.6442720371002895], [-0.1804057410655818, 0.032963452966389986, 0.6396255656699575], [-0.17937405052008687, 0.004200997107421895, 0.635799519630276], [-0.18997611906815773, 0.002085000108911799, 0.6438318161414698], [-0.18799916687493945, 0.02654142677468102, 0.6559801270789983], [-0.19221060174131344, 0.05937348912585801, 0.6449727342812772], [-0.16090037431782775, 0.0001028308331482768, 0.6449991159825081], [-0.16703655454438116, -0.020010568433258547, 0.6340605119001275], [-0.17451284001367615, -0.04958844502648579, 0.629095451808037], [-0.19207293125164623, -0.04983704187229762, 0.6348511983579567], [-0.20224050351038506, -0.02168107182235963, 0.6397268779551275], [-0.20487838886655196, -0.002206691225693447, 0.6490932890027714], [-0.18003473300757783, -0.05449774212588045, 0.6338573817989037], [-0.17797573994372273, -0.07138709149455835, 0.6381730965538477]], "Ms": [[[1.0, 0.0, 0.0, 0.0], [0.0, 1.0, 0.0, 0.0], [0.0, 0.0, 1.0, 0.0]], [[-0.04442386488288922, 0.11317251898236855, -0.9925817352621659, 0.7126603759421036], [-0.08910045431081182, 0.9891541824473351, 0.1167694839782689, -0.07998915594569932], [0.9950314714974967, 0.09362683533116824, -0.03385832889255715, 0.5955444174406396]], [[0.5353700814097946, -0.10948931997531974, 0.8374908744234842, -0.5901643953695572], [0.1291242654309484, 0.9905162567700285, 0.04695177473972033, -0.06490514380479258], [-0.8346890439008937, 0.08300381850031664, 0.5444304970390422, 0.4768965258415202]]], "world_camera_id": 0}