{"Pts": [[-0.1525959032578004, 0.04363520296799594, 0.800604954862783], [-0.15096622099913712, 0.011125639726575078, 0.7987157804113457], [-0.15000377795721465, -0.021748032788991047, 0.7908178828359282], [-0.15907625367400352, -0.02199277112986542, 0.7924690826161671], [-0.1611752131785315, 0.009103211867273364, 0.8029844759600674], [-0.16220183514056616, 0.03586729845759766, 0.7803960375685336], [-0.14018928941686795, -0.03228927399066566, 0.789396315972828], [-0.13578701428726048, -0.04366494725435015, 0.7862831287992026], [-0.1445553752081749, -0.06593738220334516, 0.7863056238558898], [-0.16447961886192458, -0.06317270602197718, 0.7871156457132452], [-0.1733407222030503, -0.04510723384125925, 0.7773341686567731], [-0.17127243796063377, -0.03175931988969419, 0.7905689541647158], [-0.15551721953903577, -0.070822896001653, 0.7881422131728275], [-0.15408098121525982, -0.08690624357461904, 0.7918015296174861], [-0.213300146322203, 0.06793228945347374, 0.5975378008316726], [-0.20348868675197282, 0.03306506705852021, 0.6052943821501988], [-0.21109990086507122, 0.00915988900762756, 0.593420281776016], [-0.22425253534246709, 0.007161432686132515, 0.6093949997253006], [-0.22189471920349396, 0.034464200658872256, 0.6121847594412149], [-0.22063798581861369, 0.06829266509971292, 0.6108131909273221], [-0.202053461067066, 0.005368154615929596, 0.5853875199563511], [-0.20547426834075957, -0.013631271325057268, 0.5837187223465408], [-0.20858940592705644, -0.04256492015398108, 0.5878670012810948], [-0.22662223193221598, -0.04170830863097091, 0.6064047030760308], [-0.22948251435796405, -0.0187843457153428, 0.6112170305436083], [-0.2105975683628558, -0.015691223764233812, 0.6152780409970601], [-0.2154554699342358, -0.04856612071750018, 0.5997061766330977], [-0.2117211383958408, -0.06399620747113, 0.6063306917990153]], "Ms": [[[1.0, 0.0, 0.0, 0.0], [0.0, 1.0, 0.0, 0.0], [0.0, 0.0, 1.0, 0.0]], [[-0.04442386488288922, 0.11317251898236855, -0.9925817352621659, 0.7126603759421036], [-0.08910045431081182, 0.9891541824473351, 0.1167694839782689, -0.07998915594569932], [0.9950314714974967, 0.09362683533116824, -0.03385832889255715, 0.5955444174406396]], [[0.5353700814097946, -0.10948931997531974, 0.8374908744234842, -0.5901643953695572], [0.1291242654309484, 0.9905162567700285, 0.04695177473972033, -0.06490514380479258], [-0.8346890439008937, 0.08300381850031664, 0.5444304970390422, 0.4768965258415202]]], "world_camera_id": 0}