{"Pts": [[-0.14307799242525657, 0.03583954832771815, 0.8604868760305302], [-0.14560145542621336, -0.001898795408909149, 0.8613954644731104], [-0.15136573488323918, -0.029435335753779154, 0.8454590695680118], [-0.16283798572673458, -0.02873590489288506, 0.8445621125425844], [-0.15970598076638154, 0.003791697298702831, 0.8481429380236374], [-0.1550033560648441, 0.03884499809179153, 0.8473230885634717], [-0.1409007090887538, -0.04262121005454098, 0.8403216750963335], [-0.1370852242589789, -0.05219000272699661, 0.8298509320083152], [-0.14745974897272981, -0.07198429562206679, 0.837236769982622], [-0.16902179834721545, -0.07011042912054735, 0.8404537563282294], [-0.17603571822269773, -0.04899519843466982, 0.8453312006541374], [-0.1711015537924109, -0.03420146497453513, 0.8488792585592456], [-0.1579403028045856, -0.07666261752197309, 0.8433584957456485], [-0.15687606244643773, -0.09376368368590894, 0.8503863057522676], [-0.18600534140249123, 0.06476350864596793, 0.6441054371335865], [-0.17883474531516738, 0.032686818308883744, 0.6414486991031244], [-0.1762917831088217, 0.004077944939870171, 0.6406407131236234], [-0.1857608283051386, 0.0026212483230426925, 0.6493319552637465], [-0.18065084159589337, 0.027069573217342737, 0.6618953797397782], [-0.17337509114894156, 0.06264234354492618, 0.6669636581059619], [-0.1579367679113603, -0.008088731410445901, 0.6565128274454155], [-0.1639160876016984, -0.021648974043943725, 0.6398012681302301], [-0.16993952303745508, -0.050083786549266325, 0.6335088281163042], [-0.18939656790503867, -0.04903884157735271, 0.6405072405727064], [-0.1987752249289797, -0.023733028371491736, 0.6438093958358199], [-0.19975824765667524, -0.0026588029721234395, 0.6521638913327388], [-0.17699767493540633, -0.05504484877890662, 0.6386055727950589], [-0.1748987692242748, -0.07205617536102858, 0.6429457232986636]], "Ms": [[[1.0, 0.0, 0.0, 0.0], [0.0, 1.0, 0.0, 0.0], [0.0, 0.0, 1.0, 0.0]], [[-0.04442386488288922, 0.11317251898236855, -0.9925817352621659, 0.7126603759421036], [-0.08910045431081182, 0.9891541824473351, 0.1167694839782689, -0.07998915594569932], [0.9950314714974967, 0.09362683533116824, -0.03385832889255715, 0.5955444174406396]], [[0.5353700814097946, -0.10948931997531974, 0.8374908744234842, -0.5901643953695572], [0.1291242654309484, 0.9905162567700285, 0.04695177473972033, -0.06490514380479258], [-0.8346890439008937, 0.08300381850031664, 0.5444304970390422, 0.4768965258415202]]], "world_camera_id": 0}