{"Pts": [[-0.14683962993065197, 0.0289975045099684, 0.819338421468827], [-0.14497991790608927, 0.0026292994556191716, 0.8417990870342], [-0.15292009503178036, -0.025460600974249622, 0.8303899800867388], [-0.16103496440533505, -0.026393404113263845, 0.8341111593452273], [-0.15893522445090993, 0.0051508794416778025, 0.8419765970400784], [-0.15488947500441747, 0.038940524086007525, 0.8464087683609783], [-0.14239913032343773, -0.03926627030133383, 0.8275488105604848], [-0.1388680939813592, -0.0506329692954976, 0.8177608100505097], [-0.14716125696570798, -0.07110783688309447, 0.8239781096005325], [-0.16860031434370343, -0.06830822631478113, 0.8280463697755875], [-0.17915047060096326, -0.04729705443643696, 0.8322174861138099], [-0.1707708311308608, -0.03295297027503883, 0.8363873230449661], [-0.15957422694418802, -0.07531480269594854, 0.8310134442771572], [-0.16032074456201986, -0.09159571868626384, 0.8367716394254557], [-0.18699007563375428, 0.06643781397619335, 0.6448494766639568], [-0.18399040928807298, 0.03255795537966324, 0.6407136191300604], [-0.18418455363192723, 0.005334166709185023, 0.628636137989403], [-0.19462056083406823, 0.0025954948509716285, 0.6366807246346157], [-0.1968343794944567, 0.028469687488821966, 0.6476591549373677], [-0.202497398322407, 0.05481968548200686, 0.6289677698378243], [-0.17204241421321265, 0.0026127820373517876, 0.637881200795372], [-0.17756767383421626, -0.0200564894122198, 0.630239126755886], [-0.17874171633983474, -0.04900486926781183, 0.6237777784559618], [-0.19633498661903237, -0.04882167210823773, 0.6298601594219336], [-0.20622995580181772, -0.02131115730006784, 0.6338649765399116], [-0.20880390737903656, -0.00031540669885398115, 0.6424579522308501], [-0.18586070624907977, -0.05389303917679559, 0.6290619779904635], [-0.18227977153414246, -0.07060605645833408, 0.6328955614657336]], "Ms": [[[1.0, 0.0, 0.0, 0.0], [0.0, 1.0, 0.0, 0.0], [0.0, 0.0, 1.0, 0.0]], [[-0.04442386488288922, 0.11317251898236855, -0.9925817352621659, 0.7126603759421036], [-0.08910045431081182, 0.9891541824473351, 0.1167694839782689, -0.07998915594569932], [0.9950314714974967, 0.09362683533116824, -0.03385832889255715, 0.5955444174406396]], [[0.5353700814097946, -0.10948931997531974, 0.8374908744234842, -0.5901643953695572], [0.1291242654309484, 0.9905162567700285, 0.04695177473972033, -0.06490514380479258], [-0.8346890439008937, 0.08300381850031664, 0.5444304970390422, 0.4768965258415202]]], "world_camera_id": 0}