{"Pts": [[0.15150201053427198, 0.05614427407416839, 0.6476612520103577], [0.1526946503163906, 0.021284413233246938, 0.6452540344558781], [0.15002074104935295, -0.013244502816234242, 0.6403936604464039], [0.14405036716284772, -0.01502432627892922, 0.6529376295194126], [0.1462988064988531, 0.018966997730301666, 0.6562135560382931], [0.14718422975026146, 0.05489365211558693, 0.6598440388669627], [0.16879936130528528, -0.04248849639650482, 0.6451882754540688], [0.1681978713561258, -0.03470921000865462, 0.637353667225959], [0.1482824055359926, -0.05548832322380029, 0.6328584445005869], [0.13732991488602683, -0.05869356653288129, 0.6491694064575215], [0.147881370768773, -0.03816315457760927, 0.6568493118782633], [0.16086303537314742, -0.044542964258577435, 0.666672004555512], [0.14398683657411895, -0.06392242534131175, 0.6393765881447794], [0.14863758787323722, -0.08038583134456866, 0.640384122885029], [-0.001955960814326445, 0.025193848757202524, 0.898379171837439], [-0.010432206189525152, -0.005989096866363944, 0.8956326215699124], [-0.010566561900669891, -0.032924969704868995, 0.8943018648955672], [-0.00037867084044647734, -0.0342425107873515, 0.906087044407911], [0.004326964605792947, -0.008967252922909242, 0.9055881637653829], [-0.0122885499642856, 0.013458580137284001, 0.9234900822954867], [-0.014245382027648086, -0.03459362126250434, 0.8826661284282508], [-0.020405149562163997, -0.057091794592486825, 0.8866209332667754], [-0.020494892603385727, -0.0841989049936126, 0.8864156930948288], [-0.0022362289873546766, -0.08675823322663011, 0.9014554238549567], [-0.004395778526089599, -0.06046682158813661, 0.9022563358740254], [-0.0002645433719042627, -0.04281212098404888, 0.8930069532450357], [-0.010362337310032185, -0.09197910073648036, 0.8931881745513754], [-0.00631722409785312, -0.10862716854551176, 0.8867865311773354]], "Ms": [[[1.0, 0.0, 0.0, 0.0], [0.0, 1.0, 0.0, 0.0], [0.0, 0.0, 1.0, 0.0]], [[-0.04442386488288922, 0.11317251898236855, -0.9925817352621659, 0.7126603759421036], [-0.08910045431081182, 0.9891541824473351, 0.1167694839782689, -0.07998915594569932], [0.9950314714974967, 0.09362683533116824, -0.03385832889255715, 0.5955444174406396]], [[0.5353700814097946, -0.10948931997531974, 0.8374908744234842, -0.5901643953695572], [0.1291242654309484, 0.9905162567700285, 0.04695177473972033, -0.06490514380479258], [-0.8346890439008937, 0.08300381850031664, 0.5444304970390422, 0.4768965258415202]]], "world_camera_id": 0}