{"Pts": [[0.11751929164623261, 0.05352993697965882, 0.6636658852426224], [0.12679493799946245, 0.02044250435047299, 0.6553295836016634], [0.1313369489688854, -0.01431902135265153, 0.6497421878689461], [0.13073387257785743, -0.015137544917263874, 0.6613545009492097], [0.13855112140296547, 0.019939695851800943, 0.662456427032328], [0.1451423429827508, 0.05227148771013463, 0.6651995792337657], [0.15536476873393001, -0.04388570410112489, 0.6501305115540325], [0.1445223371662643, -0.03715603100298009, 0.6352443531391972], [0.12677413028002021, -0.056240023748138086, 0.6408875495963283], [0.12797669148289212, -0.05840336228981369, 0.6618876221966284], [0.13558257988047567, -0.04329360918301207, 0.6777375673646747], [0.14812926537302448, -0.047254717005754766, 0.6778000664512414], [0.12886346695422465, -0.06505904102398188, 0.651200718417233], [0.1328656250400548, -0.08190192696267741, 0.6489404707622435]], "Ms": [[[1.0, 0.0, 0.0, 0.0], [0.0, 1.0, 0.0, 0.0], [0.0, 0.0, 1.0, 0.0]], [[-0.04442386488288922, 0.11317251898236855, -0.9925817352621659, 0.7126603759421036], [-0.08910045431081182, 0.9891541824473351, 0.1167694839782689, -0.07998915594569932], [0.9950314714974967, 0.09362683533116824, -0.03385832889255715, 0.5955444174406396]], [[0.5353700814097946, -0.10948931997531974, 0.8374908744234842, -0.5901643953695572], [0.1291242654309484, 0.9905162567700285, 0.04695177473972033, -0.06490514380479258], [-0.8346890439008937, 0.08300381850031664, 0.5444304970390422, 0.4768965258415202]]], "world_camera_id": 0}