{"Pts": [[-0.15588878217190633, 0.05575785040680463, 0.7108025243554558], [-0.1542882611947145, 0.022234518412840167, 0.7194991884864771], [-0.15350250251223896, -0.013086472777247496, 0.7270509467246192], [-0.16291050337805274, -0.014246699825632007, 0.7252545133257997], [-0.16124127792737733, 0.016976073607446292, 0.7386651478435811], [-0.1591569033456056, 0.05034748782659754, 0.7515204216306226], [-0.1480829285880955, -0.02719421364170379, 0.7350393349345912], [-0.14291129878694425, -0.03460585492310243, 0.7269508661054483], [-0.151649949372134, -0.05743813555890001, 0.7216402877757763], [-0.1698428649378386, -0.05538905901816559, 0.7216435349783751], [-0.17286409466083022, -0.03322743071497587, 0.7253792626992815], [-0.1735247340517951, -0.02728299209231775, 0.7368620153432666], [-0.15969534778485264, -0.06268201195741067, 0.7213072662605615], [-0.159558849257165, -0.08086474532539352, 0.7228780071026295]], "Ms": [[[1.0, 0.0, 0.0, 0.0], [0.0, 1.0, 0.0, 0.0], [0.0, 0.0, 1.0, 0.0]], [[-0.04442386488288922, 0.11317251898236855, -0.9925817352621659, 0.7126603759421036], [-0.08910045431081182, 0.9891541824473351, 0.1167694839782689, -0.07998915594569932], [0.9950314714974967, 0.09362683533116824, -0.03385832889255715, 0.5955444174406396]], [[0.5353700814097946, -0.10948931997531974, 0.8374908744234842, -0.5901643953695572], [0.1291242654309484, 0.9905162567700285, 0.04695177473972033, -0.06490514380479258], [-0.8346890439008937, 0.08300381850031664, 0.5444304970390422, 0.4768965258415202]]], "world_camera_id": 0}