{"Pts": [[-0.14816306375322016, 0.04419384516088626, 0.7943653960760312], [-0.1491723503666083, 0.012929902430980163, 0.7775308277184478], [-0.15162832089112843, -0.01786011965053257, 0.762682611168526], [-0.16415394481795773, -0.01707928094351909, 0.7649373514541006], [-0.1613798079501562, 0.01724678052803361, 0.7588149098431333], [-0.1585180534609431, 0.05180996471191892, 0.7551252765935581], [-0.14143734946386455, -0.025359286273250025, 0.7661310825729962], [-0.13834837239568584, -0.03711597048439896, 0.7578672415017438], [-0.1464666446544469, -0.05972412051581374, 0.7566154212476499], [-0.16775209399950627, -0.059774386214979915, 0.7593297079201969], [-0.17528901283600384, -0.03626610705973127, 0.7609239158540982], [-0.16866777476220374, -0.02439676017794391, 0.7694298902722633], [-0.15732557055939728, -0.06678225305859074, 0.7599439345088874], [-0.1574734820347731, -0.08372593065673342, 0.7615305134845475]], "Ms": [[[1.0, 0.0, 0.0, 0.0], [0.0, 1.0, 0.0, 0.0], [0.0, 0.0, 1.0, 0.0]], [[-0.04442386488288922, 0.11317251898236855, -0.9925817352621659, 0.7126603759421036], [-0.08910045431081182, 0.9891541824473351, 0.1167694839782689, -0.07998915594569932], [0.9950314714974967, 0.09362683533116824, -0.03385832889255715, 0.5955444174406396]], [[0.5353700814097946, -0.10948931997531974, 0.8374908744234842, -0.5901643953695572], [0.1291242654309484, 0.9905162567700285, 0.04695177473972033, -0.06490514380479258], [-0.8346890439008937, 0.08300381850031664, 0.5444304970390422, 0.4768965258415202]]], "world_camera_id": 0}