{"Pts": [[-0.150286900257576, 0.03412823843587096, 0.8897270839742931], [-0.14938470248620359, 0.00032104914727430826, 0.8858084068419461], [-0.14936938418171797, -0.031719170564789484, 0.8705715566068222], [-0.1591847598451836, -0.030894287162858993, 0.8695438464242736], [-0.16081125980116187, 0.0034107043216515787, 0.8666400845221834], [-0.16087143968808468, 0.03173110817597247, 0.849276775144905], [-0.1390925789068114, -0.04124195864834394, 0.8674898531173505], [-0.13213776834995544, -0.052832024736681235, 0.8627265136543114], [-0.14221198242882366, -0.07360101500757053, 0.8654467775155206], [-0.16526742775740305, -0.07175540305182565, 0.8622875772361219], [-0.17121480476982195, -0.05069449833745299, 0.8617564605946824], [-0.16667430378266662, -0.03463830618592456, 0.8683809412701697], [-0.1544346478720823, -0.07889117856291138, 0.8683796735245934], [-0.15526306877711687, -0.0942481640392519, 0.8741287477217807], [-0.17943606790075067, 0.05642360876650576, 0.6503726635488075], [-0.16093723429132617, 0.027874836305989525, 0.659027439745939], [-0.16087945870364326, 0.0041145117200699, 0.6595922041562144], [-0.17244600809911023, 0.0022854923794376923, 0.6711559571433676], [-0.16232854565153887, 0.030689834940979665, 0.6791825227484176], [-0.15878948259938322, 0.06002826460931838, 0.6812475356323758], [-0.1520797635291603, -0.005310363973268717, 0.6672290995823489], [-0.1543192223376427, -0.025878693695389463, 0.6567430145164052], [-0.156589667131948, -0.051938517960940206, 0.6504719133298874], [-0.1779793255141996, -0.050083227998695655, 0.6635864813817621], [-0.18030928967758655, -0.024897686423818528, 0.6695346738532231], [-0.17717965932894555, -0.004470296077278295, 0.675349104041345], [-0.166346435579602, -0.058008723203830756, 0.6605075312007391], [-0.1632859610616046, -0.07566097966189167, 0.6627891976783589]], "Ms": [[[1.0, 0.0, 0.0, 0.0], [0.0, 1.0, 0.0, 0.0], [0.0, 0.0, 1.0, 0.0]], [[-0.04442386488288922, 0.11317251898236855, -0.9925817352621659, 0.7126603759421036], [-0.08910045431081182, 0.9891541824473351, 0.1167694839782689, -0.07998915594569932], [0.9950314714974967, 0.09362683533116824, -0.03385832889255715, 0.5955444174406396]], [[0.5353700814097946, -0.10948931997531974, 0.8374908744234842, -0.5901643953695572], [0.1291242654309484, 0.9905162567700285, 0.04695177473972033, -0.06490514380479258], [-0.8346890439008937, 0.08300381850031664, 0.5444304970390422, 0.4768965258415202]]], "world_camera_id": 0}