{"Pts": [[-0.13521038441821828, 0.054216124200039593, 0.7203609639027325], [-0.13122813734600325, 0.021577496476803418, 0.7154441202927454], [-0.13548702023718934, -0.0034410101023581627, 0.7081136155971225], [-0.14788297993270766, -0.004926691315979713, 0.7148319874490973], [-0.14615417247068754, 0.016686211576295157, 0.7212892010129642], [-0.15392379891633534, 0.046174114756830656, 0.6966195547185235], [-0.11677784348055226, -0.011523041478453455, 0.703502770932553], [-0.12171556660165922, -0.0344073624820393, 0.6979792760321989], [-0.13061135484533615, -0.058048366041775754, 0.6961369987669277], [-0.15313342950054226, -0.05821036256100216, 0.7050331978349665], [-0.16014068137309498, -0.03009385963918636, 0.7109561989982854], [-0.1627356701303833, -0.009158290047990196, 0.7127002664964844], [-0.14283125863072255, -0.06467882630178386, 0.7025008990719261], [-0.1392527851035762, -0.08378839070874912, 0.702965999571124]], "Ms": [[[1.0, 0.0, 0.0, 0.0], [0.0, 1.0, 0.0, 0.0], [0.0, 0.0, 1.0, 0.0]], [[-0.04442386488288922, 0.11317251898236855, -0.9925817352621659, 0.7126603759421036], [-0.08910045431081182, 0.9891541824473351, 0.1167694839782689, -0.07998915594569932], [0.9950314714974967, 0.09362683533116824, -0.03385832889255715, 0.5955444174406396]], [[0.5353700814097946, -0.10948931997531974, 0.8374908744234842, -0.5901643953695572], [0.1291242654309484, 0.9905162567700285, 0.04695177473972033, -0.06490514380479258], [-0.8346890439008937, 0.08300381850031664, 0.5444304970390422, 0.4768965258415202]]], "world_camera_id": 0}