{"Pts": [[-0.15597259958620321, 0.05725743594495084, 0.7082353515693385], [-0.15513335455618174, 0.02403314168001325, 0.7133289961395524], [-0.15515691477555843, -0.012447962946092864, 0.7184066087256535], [-0.1645564914997829, -0.012228684923312135, 0.7161045048740451], [-0.16232790764531616, 0.019005980853821818, 0.7309148563451432], [-0.1615492156167927, 0.049159962175493836, 0.7446697332865814], [-0.14843080123723656, -0.027026089773909714, 0.7272246703309888], [-0.14459568106442175, -0.03382747927005689, 0.7181218383494331], [-0.15010524362305017, -0.0566442230412054, 0.7138370476459382], [-0.16797188978841857, -0.05453473090419763, 0.7132236792555554], [-0.17217982437549031, -0.03174044004777988, 0.7152278164166798], [-0.17436287216629087, -0.02815745149879296, 0.7282085148153065], [-0.1595011609612166, -0.062298352093349184, 0.7127388105061566], [-0.1577709389361779, -0.07999708198630376, 0.7143270508160666]], "Ms": [[[1.0, 0.0, 0.0, 0.0], [0.0, 1.0, 0.0, 0.0], [0.0, 0.0, 1.0, 0.0]], [[-0.04442386488288922, 0.11317251898236855, -0.9925817352621659, 0.7126603759421036], [-0.08910045431081182, 0.9891541824473351, 0.1167694839782689, -0.07998915594569932], [0.9950314714974967, 0.09362683533116824, -0.03385832889255715, 0.5955444174406396]], [[0.5353700814097946, -0.10948931997531974, 0.8374908744234842, -0.5901643953695572], [0.1291242654309484, 0.9905162567700285, 0.04695177473972033, -0.06490514380479258], [-0.8346890439008937, 0.08300381850031664, 0.5444304970390422, 0.4768965258415202]]], "world_camera_id": 0}