{"Pts": [[0.15162011407628567, 0.0545534892054602, 0.6472308373399999], [0.15225521819009433, 0.02212072047861913, 0.6437748317754077], [0.15003124061043824, -0.014028841500416635, 0.64026358345339], [0.14369494931188964, -0.015706990516697505, 0.6511729562085555], [0.14668142404797516, 0.01891543306620178, 0.6578598319384068], [0.14763988712451517, 0.05409612466464927, 0.6612781287078563], [0.17180679931908055, -0.03915263406360257, 0.6346246952474749], [0.16423444353715108, -0.03320028820315929, 0.6275381079694379], [0.14788257590301923, -0.05609734027819346, 0.6311627416741554], [0.13701711779466086, -0.056971598268647075, 0.6477187494985543], [0.14788136517211167, -0.03816315252189274, 0.6568493155026681], [0.1604544956822922, -0.04439315197465373, 0.6650066383361689], [0.1439868365612237, -0.06392242473619268, 0.6393765878061737], [0.14856680192471128, -0.0819454216088086, 0.6402908591922182], [-0.010334219307970254, 0.022348954263168352, 0.9036100424754256], [-0.016614296704142714, -0.00830275816792253, 0.9088354159549349], [-0.018774547773117076, -0.03513042329294235, 0.9142758319379237], [-0.012664997539016662, -0.03653589037552205, 0.9249344567027801], [-0.014259847280627751, -0.005182687370340798, 0.9314078993611188], [-0.02016450252065937, 0.023060961311310624, 0.9334794158758722], [-0.02870523181250088, -0.04161075588670301, 0.9013976344625018], [-0.028907371470586942, -0.05992331580259178, 0.9060273047365016], [-0.028939907843539822, -0.08760582980908833, 0.9055768231596749], [-0.008388841405747345, -0.08892222586617249, 0.9221176693283499], [-0.004307575415045204, -0.06334046767499699, 0.9236816937298838], [0.006427500596759601, -0.04381522486231352, 0.9142076340781474], [-0.018705704787068074, -0.09397798277027279, 0.9128727737607412], [-0.01450167287212316, -0.1106171294831565, 0.9067164028764066]], "Ms": [[[1.0, 0.0, 0.0, 0.0], [0.0, 1.0, 0.0, 0.0], [0.0, 0.0, 1.0, 0.0]], [[-0.04442386488288922, 0.11317251898236855, -0.9925817352621659, 0.7126603759421036], [-0.08910045431081182, 0.9891541824473351, 0.1167694839782689, -0.07998915594569932], [0.9950314714974967, 0.09362683533116824, -0.03385832889255715, 0.5955444174406396]], [[0.5353700814097946, -0.10948931997531974, 0.8374908744234842, -0.5901643953695572], [0.1291242654309484, 0.9905162567700285, 0.04695177473972033, -0.06490514380479258], [-0.8346890439008937, 0.08300381850031664, 0.5444304970390422, 0.4768965258415202]]], "world_camera_id": 0}