{"Pts": [[-299.7369828943674, -398.91882318731524, -1138.5448470091073], [-301.9921770544749, -382.6825165550671, -1145.9060447091563], [-304.17725954966426, -367.4656518342563, -1153.4089507017807], [-304.0341559651054, -364.98075197672034, -1152.8748261484877], [-301.9245835686782, -380.17582985648164, -1145.7189006434423], [-299.6768831968058, -396.05610875506653, -1138.1518946553992], [0.17161454058224213, -0.04321184395532086, 0.644743984498944], [0.16820313461998745, -0.034692295789082936, 0.6373573836534722], [-306.8855826117741, -348.58027537089504, -1162.594035104676], [-308.0668349061945, -346.7057799132358, -1167.2378775939321], [0.1478831437030824, -0.038166404727887134, 0.6568485959547389], [0.16086263679257834, -0.0445433204823748, 0.6666722916704168], [152.5516539188939, 10.459860684189142, -160.4298784741541], [-308.2718516605633, -335.12430550337973, -1166.7356961886424], [-0.00400105279372108, 0.025086776029940746, 0.8965095132064584], [-0.01058930795177456, -0.004782372401885298, 0.8907101701128548], [-0.010693284948553376, -0.03322313426275349, 0.889181516624436], [0.0034890379804029072, -0.03423938701153603, 0.8994423451485276], [0.008447246657374508, -0.01050133646518718, 0.897125853045666], [-0.001510396761701898, 0.017507695525575424, 0.9155492436071362], [-0.006285193861910001, -0.03372623260977478, 0.8771314226446639], [-0.016382785980801985, -0.05723124406803175, 0.8814431384388709], [-0.01640695754201009, -0.08455040252705345, 0.8825025289453697], [0.0018655274121007785, -0.08740506431992781, 0.9000048091149175], [-0.002251471907892783, -0.06461282906738144, 0.903502389383737], [0.001880568802420045, -0.04245414149712219, 0.9080385120365707], [-0.00830016410739639, -0.09212561897607136, 0.8874075239589471], [-0.004250214787784899, -0.10891372108534457, 0.8821965894809862]], "Ms": [[[1.0, 0.0, 0.0, 0.0], [0.0, 1.0, 0.0, 0.0], [0.0, 0.0, 1.0, 0.0]], [[-0.04442386488288922, 0.11317251898236855, -0.9925817352621659, 0.7126603759421036], [-0.08910045431081182, 0.9891541824473351, 0.1167694839782689, -0.07998915594569932], [0.9950314714974967, 0.09362683533116824, -0.03385832889255715, 0.5955444174406396]], [[0.5353700814097946, -0.10948931997531974, 0.8374908744234842, -0.5901643953695572], [0.1291242654309484, 0.9905162567700285, 0.04695177473972033, -0.06490514380479258], [-0.8346890439008937, 0.08300381850031664, 0.5444304970390422, 0.4768965258415202]]], "world_camera_id": 0}