{"Pts": [[-0.14853495123642793, 0.059714981282924545, 0.6802324122239216], [-0.15421534118260966, 0.025613840605952808, 0.6794695018099047], [-0.16185799830328051, -0.005081113505006421, 0.6673324670988826], [-0.1739837826866684, -0.0059350581544818995, 0.6675196739341669], [-0.1701274188647554, 0.027195064245685897, 0.6660162204452811], [-0.1670529551757099, 0.06351175189000444, 0.6619270058164359], [-0.15589766492072996, -0.020421320810898345, 0.6764216556066334], [-0.15051696529699346, -0.02686265279676818, 0.6677640566695191], [-0.15425716826164396, -0.04862881874324072, 0.6592245422491182], [-0.17612289476047976, -0.04740823167335058, 0.6617060626591083], [-0.18248759245361976, -0.026769523356359598, 0.6716367184248283], [-0.17748099356454536, -0.02400700582586151, 0.679697128160138], [-0.16632358370558492, -0.054311218426312674, 0.6599692454385993], [-0.16610038849728884, -0.0714253124287111, 0.6675584950533461]], "Ms": [[[1.0, 0.0, 0.0, 0.0], [0.0, 1.0, 0.0, 0.0], [0.0, 0.0, 1.0, 0.0]], [[-0.04442386488288922, 0.11317251898236855, -0.9925817352621659, 0.7126603759421036], [-0.08910045431081182, 0.9891541824473351, 0.1167694839782689, -0.07998915594569932], [0.9950314714974967, 0.09362683533116824, -0.03385832889255715, 0.5955444174406396]], [[0.5353700814097946, -0.10948931997531974, 0.8374908744234842, -0.5901643953695572], [0.1291242654309484, 0.9905162567700285, 0.04695177473972033, -0.06490514380479258], [-0.8346890439008937, 0.08300381850031664, 0.5444304970390422, 0.4768965258415202]]], "world_camera_id": 0}