{"Pts": [[-0.15972263009266907, 0.05591473277158932, 0.7104530855132363], [-0.1571903887659225, 0.025380440226337123, 0.7077060541447799], [-0.15604918443249674, -0.007926958386869694, 0.6957341737756274], [-0.1663171492512018, -0.007883817661264975, 0.6929493932133728], [-0.16494980347283, 0.02719026898154148, 0.6962613142152065], [-0.17219008925714271, 0.0481675438440167, 0.6748960349109259], [-0.15185273190100668, -0.02208104007188687, 0.7032403759134513], [-0.1463370440871502, -0.029004465678182025, 0.6928893233866422], [-0.14808702508819233, -0.0514908980741931, 0.6876284305324173], [175.48773199748018, 9.531692086719017, -157.59336990850898], [-0.17691480163333098, -0.02901165237920887, 0.6927980178253836], [-0.17567811873907868, -0.024667140677620294, 0.7037293206709075], [-0.157211129171431, -0.057725547017698026, 0.6870567954258997], [-0.15638245232711936, -0.0758458169115363, 0.6925890269355843]], "Ms": [[[1.0, 0.0, 0.0, 0.0], [0.0, 1.0, 0.0, 0.0], [0.0, 0.0, 1.0, 0.0]], [[-0.04442386488288922, 0.11317251898236855, -0.9925817352621659, 0.7126603759421036], [-0.08910045431081182, 0.9891541824473351, 0.1167694839782689, -0.07998915594569932], [0.9950314714974967, 0.09362683533116824, -0.03385832889255715, 0.5955444174406396]], [[0.5353700814097946, -0.10948931997531974, 0.8374908744234842, -0.5901643953695572], [0.1291242654309484, 0.9905162567700285, 0.04695177473972033, -0.06490514380479258], [-0.8346890439008937, 0.08300381850031664, 0.5444304970390422, 0.4768965258415202]]], "world_camera_id": 0}