{"Pts": [[0.11741221908845027, 0.05273368454251665, 0.663707393617773], [0.12388600715160937, 0.020285444555007498, 0.655673396486707], [0.12844760453307794, -0.014418092959970687, 0.6501127760506277], [0.12630605913220005, -0.015287010654600072, 0.6618485476788883], [0.13883402727739508, 0.019091366758110254, 0.6640881062248005], [0.14497465470620238, 0.052262735361592795, 0.6654397717152587], [0.15382712112450247, -0.04783022874300348, 0.6498966973091672], [0.14168717633969516, -0.037977987801786836, 0.6355987880600977], [0.12249993763696766, -0.05628598614077988, 0.641481782938516], [0.1232490653494805, -0.05749798226594531, 0.6608701663949216], [0.1325611864273431, -0.04492649211871294, 0.6778018056599052], [0.1431996148746836, -0.048758463043917476, 0.6763497241219756], [0.12450884617583804, -0.06507891899417652, 0.6517359393068411], [0.12853342123619083, -0.08187885347568448, 0.6494737352992068]], "Ms": [[[1.0, 0.0, 0.0, 0.0], [0.0, 1.0, 0.0, 0.0], [0.0, 0.0, 1.0, 0.0]], [[-0.04442386488288922, 0.11317251898236855, -0.9925817352621659, 0.7126603759421036], [-0.08910045431081182, 0.9891541824473351, 0.1167694839782689, -0.07998915594569932], [0.9950314714974967, 0.09362683533116824, -0.03385832889255715, 0.5955444174406396]], [[0.5353700814097946, -0.10948931997531974, 0.8374908744234842, -0.5901643953695572], [0.1291242654309484, 0.9905162567700285, 0.04695177473972033, -0.06490514380479258], [-0.8346890439008937, 0.08300381850031664, 0.5444304970390422, 0.4768965258415202]]], "world_camera_id": 0}