{"Pts": [[-0.15928166726612827, 0.0561716604633744, 0.7075439550389762], [-0.15452415052190216, 0.025320653093455086, 0.6945602284787683], [-0.15928514290053364, -0.006012362629623428, 0.6825247332970045], [-0.1695585382816256, -0.006529921795482899, 0.6801097938306622], [-0.1682876620107257, 0.026846991063254135, 0.6763864599501754], [-0.16942404933968924, 0.05941182254307042, 0.6650066272396941], [-0.15222242022740762, -0.02015351831498614, 0.6887326703082608], [-0.1482199652069649, -0.027294529685307847, 0.6792736015991374], [-0.15471161345871293, -0.049674004154263644, 0.6748962830962721], [-0.17042707694532455, -0.04831207588645459, 0.6756092065699589], [-0.17996696856774394, -0.026996591209737162, 0.6803714838697755], [-0.18005268119848541, -0.023712184351848117, 0.6894280711349108], [-0.16058496039659578, -0.055339425837269224, 0.6742215277383542], [-0.16190255939096324, -0.07267675539013763, 0.6820552433108545]], "Ms": [[[1.0, 0.0, 0.0, 0.0], [0.0, 1.0, 0.0, 0.0], [0.0, 0.0, 1.0, 0.0]], [[-0.04442386488288922, 0.11317251898236855, -0.9925817352621659, 0.7126603759421036], [-0.08910045431081182, 0.9891541824473351, 0.1167694839782689, -0.07998915594569932], [0.9950314714974967, 0.09362683533116824, -0.03385832889255715, 0.5955444174406396]], [[0.5353700814097946, -0.10948931997531974, 0.8374908744234842, -0.5901643953695572], [0.1291242654309484, 0.9905162567700285, 0.04695177473972033, -0.06490514380479258], [-0.8346890439008937, 0.08300381850031664, 0.5444304970390422, 0.4768965258415202]]], "world_camera_id": 0}