{"Pts": [[-0.1346285184656701, 0.05586253353474122, 0.719955040628539], [-0.1308226431343919, 0.024133702342713795, 0.7191194030352058], [-0.12905504566621503, -0.00700543746316887, 0.7186448804737228], [-0.1435381253328613, -0.009963933310311904, 0.727055327079089], [-0.13414173472990762, 0.017951265396284492, 0.7392924741736991], [-0.12870049589414426, 0.0496739217191519, 0.7520962854723242], [-0.11266499824566885, -0.01676393440157935, 0.7356775846274802], [-0.11750148971689307, -0.03427669248499538, 0.7211561634447637], [-0.12390574576992158, -0.062416159903305485, 0.7137953525172985], [-0.14616596175285845, -0.06026619016306554, 0.719125439354883], [-0.14867835592918935, -0.033249906908031424, 0.7205440352478091], [-0.14745116475964262, -0.011656509128104026, 0.7263193574309705], [-0.13575203798205876, -0.06688862348299046, 0.7168909932607239], [-0.13207201449063297, -0.08632565935665805, 0.7173911928129197]], "Ms": [[[1.0, 0.0, 0.0, 0.0], [0.0, 1.0, 0.0, 0.0], [0.0, 0.0, 1.0, 0.0]], [[-0.04442386488288922, 0.11317251898236855, -0.9925817352621659, 0.7126603759421036], [-0.08910045431081182, 0.9891541824473351, 0.1167694839782689, -0.07998915594569932], [0.9950314714974967, 0.09362683533116824, -0.03385832889255715, 0.5955444174406396]], [[0.5353700814097946, -0.10948931997531974, 0.8374908744234842, -0.5901643953695572], [0.1291242654309484, 0.9905162567700285, 0.04695177473972033, -0.06490514380479258], [-0.8346890439008937, 0.08300381850031664, 0.5444304970390422, 0.4768965258415202]]], "world_camera_id": 0}