{"Pts": [[-317.9998403179772, -423.2088206644208, -1207.8983500158315], [-320.43806356968344, -405.9808868624271, -1215.6974601351274], [-322.73938619991645, -389.82839011011396, -1223.6468748113173], [-322.5703549814839, -387.19018377188064, -1223.079926367439], [-320.33989305754517, -403.3136517094374, -1215.4829441958204], [-317.904781998142, -420.16351087671853, -1207.4679271338846], [0.16879927942387282, -0.042486596867315395, 0.6451883609772449], [0.1681982854025017, -0.034711128397205394, 0.63735326205764], [-325.6779619599451, -369.7956177509167, -1233.3936104729091], [-325.4810869506355, -366.20998610063026, -1232.9533766711363], [0.1478751839701069, -0.03816316901501717, 0.6568539572170675], [0.16086672709244892, -0.04454287285727545, 0.6666690714854218], [-326.31130238251666, -364.58617637950044, -1235.073635465001], [-327.0519489865901, -355.51685711341366, -1237.821261749637], [-0.001922080911874904, 0.025109578093630503, 0.899675896099802], [-0.010551794076999127, -0.005080444144333778, 0.894512628065421], [-0.010570331190446721, -0.03281296133260262, 0.8930411737029441], [-0.0004163498380427161, -0.034015210529566665, 0.9035152854786017], [0.004492439925602714, -0.011123902480357516, 0.9012121023357401], [-0.010015831639073536, 0.014503070023553185, 0.9229885164733337], [-0.014242300361775357, -0.034255389472267625, 0.8789094014896738], [-0.02037698831867171, -0.056849496551342166, 0.8841629914246593], [-0.020479088282195034, -0.08406745824853759, 0.885194728688083], [-0.002240403846851562, -0.08662143991758542, 0.9001878604809026], [-0.004322734124527617, -0.06221346751225372, 0.9032568736467887], [-0.00019785879467810867, -0.04374284738332188, 0.8941513813896488], [-0.01035600813501271, -0.09170549395861555, 0.8906982525809406], [-0.006320110788776343, -0.10848155263381504, 0.8855347871329556]], "Ms": [[[1.0, 0.0, 0.0, 0.0], [0.0, 1.0, 0.0, 0.0], [0.0, 0.0, 1.0, 0.0]], [[-0.04442386488288922, 0.11317251898236855, -0.9925817352621659, 0.7126603759421036], [-0.08910045431081182, 0.9891541824473351, 0.1167694839782689, -0.07998915594569932], [0.9950314714974967, 0.09362683533116824, -0.03385832889255715, 0.5955444174406396]], [[0.5353700814097946, -0.10948931997531974, 0.8374908744234842, -0.5901643953695572], [0.1291242654309484, 0.9905162567700285, 0.04695177473972033, -0.06490514380479258], [-0.8346890439008937, 0.08300381850031664, 0.5444304970390422, 0.4768965258415202]]], "world_camera_id": 0}