{"Pts": [[0.15244322656893808, 0.05456893838129197, 0.65054402148475], [0.1534739730197147, 0.021986947154132925, 0.6487415713896516], [0.14831146753369048, -0.01520756617354673, 0.6455339918190991], [0.14443395046352672, -0.01591649846201484, 0.6544408176843501], [0.14736595457346754, 0.020405501766903505, 0.6615054448616237], [0.1479728772282141, 0.05490228036291586, 0.6631485272114411], [0.16911306383535646, -0.03579944125380284, 0.6405615510042866], [0.15821502348031904, -0.031289417908883795, 0.6321380003544381], [0.14622369634411556, -0.056631803194127445, 0.6364316394656652], [0.138744748606488, -0.05780049076693824, 0.6557650274341251], [0.1490082792572285, -0.03858122435912541, 0.6617687589508277], [0.15623020068578222, -0.0402286957142547, 0.6538897890240236], [0.14546103714542152, -0.06463490130561345, 0.6458443523052525], [0.14977849286408365, -0.08099705469440775, 0.645242318747844]], "Ms": [[[1.0, 0.0, 0.0, 0.0], [0.0, 1.0, 0.0, 0.0], [0.0, 0.0, 1.0, 0.0]], [[-0.04442386488288922, 0.11317251898236855, -0.9925817352621659, 0.7126603759421036], [-0.08910045431081182, 0.9891541824473351, 0.1167694839782689, -0.07998915594569932], [0.9950314714974967, 0.09362683533116824, -0.03385832889255715, 0.5955444174406396]], [[0.5353700814097946, -0.10948931997531974, 0.8374908744234842, -0.5901643953695572], [0.1291242654309484, 0.9905162567700285, 0.04695177473972033, -0.06490514380479258], [-0.8346890439008937, 0.08300381850031664, 0.5444304970390422, 0.4768965258415202]]], "world_camera_id": 0}