{"Pts": [[-0.15556704625618117, 0.05671997005732188, 0.7070696440788722], [-0.15473940837190653, 0.026497966881660787, 0.707915890313442], [-0.15362800188617684, -0.007618036913632741, 0.7003538570436666], [-0.16613845840296618, -0.008429268336912458, 0.6995530696486565], [-0.16335930785431685, 0.0242684784360862, 0.7097929181058106], [-0.1676827554531928, 0.044352715113442055, 0.6868444042804714], [-0.14989357624417776, -0.024005811505910624, 0.7079663096892946], [-0.1441672964534209, -0.02990150894234147, 0.6976212541708814], [-0.1476955400656482, -0.05260546605054695, 0.6934306559139762], [-0.17178655235261503, -0.05067875534797148, 0.6943385148942536], [-0.17489606012827424, -0.028939288561931453, 0.6981116693906304], [-0.17530750905061493, -0.025149799618498333, 0.7092124224518974], [-0.15850086601912713, -0.05831177611565567, 0.6929449984724426], [-0.15743291931974027, -0.07633896710218274, 0.6974551663287386]], "Ms": [[[1.0, 0.0, 0.0, 0.0], [0.0, 1.0, 0.0, 0.0], [0.0, 0.0, 1.0, 0.0]], [[-0.04442386488288922, 0.11317251898236855, -0.9925817352621659, 0.7126603759421036], [-0.08910045431081182, 0.9891541824473351, 0.1167694839782689, -0.07998915594569932], [0.9950314714974967, 0.09362683533116824, -0.03385832889255715, 0.5955444174406396]], [[0.5353700814097946, -0.10948931997531974, 0.8374908744234842, -0.5901643953695572], [0.1291242654309484, 0.9905162567700285, 0.04695177473972033, -0.06490514380479258], [-0.8346890439008937, 0.08300381850031664, 0.5444304970390422, 0.4768965258415202]]], "world_camera_id": 0}