{"Pts": [[0.1515020106483104, 0.056144273328159675, 0.6476612522841209], [0.15269465026145396, 0.021284413277903737, 0.6452540345424634], [0.15002074079603409, -0.013244502710022091, 0.6403936605135914], [0.1440503668456496, -0.015024326074045965, 0.6529376295530576], [0.14629880646252774, 0.018966997747721023, 0.6562135561995668], [0.14718422993377586, 0.05489365254494017, 0.6598440390890274], [0.17303733540178584, -0.04318577011025911, 0.6445622811805626], [0.16676058608343475, -0.03551342568141912, 0.6374808735617689], [0.14828240537589368, -0.0554883239780616, 0.6328584442219088], [0.137329915580452, -0.05869356687990099, 0.6491694051262543], [0.1490116664436015, -0.04016839843643239, 0.6615641713592555], [0.16123681461644712, -0.0471068610486619, 0.6680382662667417], [0.1439868367109026, -0.06392242530858872, 0.6393765875505072], [0.1486375873961036, -0.08038583177825394, 0.6403841223623907], [-0.006126788892057318, 0.02562270126496785, 0.8973818469373572], [-0.00828578599925331, -0.004809412321278707, 0.8924503614591621], [-0.010693235357937763, -0.033223123423913016, 0.8891814733470678], [0.0013974128458868276, -0.03405317868270634, 0.8962794740216794], [0.010244943554400105, -0.009164459715692809, 0.8925578216614048], [0.002741713594386583, 0.018371541536785246, 0.9089256093156955], [-0.006400475969871959, -0.034248801888238055, 0.8745144400306106], [-0.018357892906101465, -0.056976170887948124, 0.8784496434947361], [-0.018379648897833358, -0.08420517390782677, 0.879515487455548], [-0.00020779050328332974, -0.08704021513879132, 0.8968694441394253], [-0.0022512791772987817, -0.0646128095257543, 0.9035032115754672], [0.001914487936814588, -0.04315596768923605, 0.9066074064401782], [-0.008298927251688891, -0.0919864616054482, 0.8861558882399903], [-0.004262418662359399, -0.10862115719086554, 0.8796794020606301]], "Ms": [[[1.0, 0.0, 0.0, 0.0], [0.0, 1.0, 0.0, 0.0], [0.0, 0.0, 1.0, 0.0]], [[-0.04442386488288922, 0.11317251898236855, -0.9925817352621659, 0.7126603759421036], [-0.08910045431081182, 0.9891541824473351, 0.1167694839782689, -0.07998915594569932], [0.9950314714974967, 0.09362683533116824, -0.03385832889255715, 0.5955444174406396]], [[0.5353700814097946, -0.10948931997531974, 0.8374908744234842, -0.5901643953695572], [0.1291242654309484, 0.9905162567700285, 0.04695177473972033, -0.06490514380479258], [-0.8346890439008937, 0.08300381850031664, 0.5444304970390422, 0.4768965258415202]]], "world_camera_id": 0}