{"Pts": [[-0.14643868085532738, 0.03248596329061587, 0.8761574967661281], [-0.14622729192314476, -0.0023891983247032013, 0.865995205397337], [-0.1500934239291956, -0.0293064898241241, 0.8505430289299579], [-0.16160346519897012, -0.028614715833963546, 0.8495094975820863], [-0.16044555606987912, 0.005642699937223849, 0.8502356885211244], [-0.1550928207417932, 0.03961687350754176, 0.8465179197551497], [-0.13979669563926037, -0.04263110693970393, 0.8464365947822824], [-0.13649819751939632, -0.054031641164044346, 0.8395422770244084], [-0.1466869183198264, -0.07133173553825051, 0.8442663905777471], [-0.16615665878694055, -0.07068227528719366, 0.8457082477719016], [-0.17487242340939793, -0.04847640216590433, 0.8501514487316993], [-0.1712979014895275, -0.03651341699512862, 0.8511387771260498], [-0.15686180863858182, -0.07720407565325038, 0.8482453970384553], [-0.1558816290147445, -0.09385184345798812, 0.8553379291259527], [-0.18685068760308018, 0.06400118041285079, 0.646242861686605], [-0.17685563763639195, 0.03228526423158807, 0.6438844441210173], [-0.17242608618679714, 0.004241726958934804, 0.6425453362006708], [-0.1839000062638778, 0.0024463079210559967, 0.6535006534712438], [-0.17714263760974094, 0.02723776106823724, 0.6659113529848503], [-0.16502110579045706, 0.05874325996640872, 0.6775816653856022], [-0.1559306716170029, -0.008335404420180149, 0.6610172074832684], [-0.16049957050287197, -0.02188127876209343, 0.6438309336915348], [-0.1663402397893725, -0.05041217053312263, 0.6363804530877666], [-0.1857756569111728, -0.049339717068230184, 0.6432060101260245], [-0.19410358030650054, -0.023938417233827117, 0.6479766235934887], [-0.19455920066588822, -0.002042460965973769, 0.6554031253907409], [-0.17364273905126087, -0.05550131886093371, 0.6424240516102888], [-0.17151347799601466, -0.07263639529342027, 0.646798252603986]], "Ms": [[[1.0, 0.0, 0.0, 0.0], [0.0, 1.0, 0.0, 0.0], [0.0, 0.0, 1.0, 0.0]], [[-0.04442386488288922, 0.11317251898236855, -0.9925817352621659, 0.7126603759421036], [-0.08910045431081182, 0.9891541824473351, 0.1167694839782689, -0.07998915594569932], [0.9950314714974967, 0.09362683533116824, -0.03385832889255715, 0.5955444174406396]], [[0.5353700814097946, -0.10948931997531974, 0.8374908744234842, -0.5901643953695572], [0.1291242654309484, 0.9905162567700285, 0.04695177473972033, -0.06490514380479258], [-0.8346890439008937, 0.08300381850031664, 0.5444304970390422, 0.4768965258415202]]], "world_camera_id": 0}