{"Pts": [[-0.13891416451619876, 0.0524327262486004, 0.7093533691406699], [-0.14077816624528544, 0.021880646342612033, 0.6957265411948249], [-0.1476065707413486, -0.0015593340109269582, 0.6801528407622169], [-0.16044216277945575, -0.0030826268147412677, 0.6887513904537478], [-0.16232282931256567, 0.026388027509344724, 0.6883309761609169], [-0.1583868382997654, 0.060638951863275295, 0.681087766628552], [-0.14359962314092453, -0.0068766983726173785, 0.6706332952102387], [-0.14500646225089167, -0.027941598589445085, 0.6698287048882369], [-0.14606319793743208, -0.05466053277423719, 0.6710393218475695], [-0.16639337365220888, -0.054299413584871656, 0.6856624293179607], [-0.16691434146867357, -0.030719979216370617, 0.6971800263100989], [-0.1649612169052091, -0.017053804148130333, 0.709911457430793], [-0.1557368977654663, -0.06031257669305403, 0.680707811487544], [-0.15258927778285908, -0.07843282554246418, 0.6831011425269649]], "Ms": [[[1.0, 0.0, 0.0, 0.0], [0.0, 1.0, 0.0, 0.0], [0.0, 0.0, 1.0, 0.0]], [[-0.04442386488288922, 0.11317251898236855, -0.9925817352621659, 0.7126603759421036], [-0.08910045431081182, 0.9891541824473351, 0.1167694839782689, -0.07998915594569932], [0.9950314714974967, 0.09362683533116824, -0.03385832889255715, 0.5955444174406396]], [[0.5353700814097946, -0.10948931997531974, 0.8374908744234842, -0.5901643953695572], [0.1291242654309484, 0.9905162567700285, 0.04695177473972033, -0.06490514380479258], [-0.8346890439008937, 0.08300381850031664, 0.5444304970390422, 0.4768965258415202]]], "world_camera_id": 0}