{"Pts": [[-0.13401623525568618, 0.05584988789216829, 0.7196686854931301], [-0.13148795206339092, 0.023404997530145927, 0.7167302100389603], [-0.13004791031295906, -0.006742527478312692, 0.714583496801083], [-0.14137592219868583, -0.010017585725049198, 0.72303162022806], [-0.1354591688540108, 0.01719110617514148, 0.7381185612633042], [-0.13310502682949238, 0.05250867995646688, 0.7403929033846212], [-0.1177615103707023, -0.01862204417000642, 0.733590098675699], [-0.1203244114312756, -0.0338751641043847, 0.7171726342249296], [-0.12440155545934395, -0.06033266459013253, 0.7067943036965485], [-0.14705930361835123, -0.059856034003395106, 0.7152636190209085], [-0.1527005422163622, -0.03176301558269983, 0.7159855469774679], [-0.1548067640436044, -0.011750344877014764, 0.721674981068466], [-0.13667366466435385, -0.06645056480605974, 0.7129424751045514], [-0.13464195166396092, -0.08575482602173375, 0.7135119365392958]], "Ms": [[[1.0, 0.0, 0.0, 0.0], [0.0, 1.0, 0.0, 0.0], [0.0, 0.0, 1.0, 0.0]], [[-0.04442386488288922, 0.11317251898236855, -0.9925817352621659, 0.7126603759421036], [-0.08910045431081182, 0.9891541824473351, 0.1167694839782689, -0.07998915594569932], [0.9950314714974967, 0.09362683533116824, -0.03385832889255715, 0.5955444174406396]], [[0.5353700814097946, -0.10948931997531974, 0.8374908744234842, -0.5901643953695572], [0.1291242654309484, 0.9905162567700285, 0.04695177473972033, -0.06490514380479258], [-0.8346890439008937, 0.08300381850031664, 0.5444304970390422, 0.4768965258415202]]], "world_camera_id": 0}