{"Pts": [[-0.15479717267229184, 0.044020065003862054, 0.7201385817439689], [-0.1483712482811921, 0.019613634796029764, 0.7408565158323103], [-0.15193242214077474, -0.014270298247782639, 0.7357522202347213], [-0.16444862944569894, -0.014814130722750453, 0.7396522433247581], [-0.15978741554659848, 0.017454795074792764, 0.7502105075980509], [-0.15631532413712496, 0.049752565912905194, 0.7529159892475706], [-0.15044869139721512, -0.02780593577500472, 0.7477567266568204], [-0.14342226100848487, -0.03508058810293352, 0.738897079970009], [-0.14798578527993575, -0.0585337112235473, 0.7283000714894076], [-0.17080840459169291, -0.057104227516654595, 0.7335754656102852], [-0.17398015143114123, -0.03450102807928234, 0.7382219254263516], [-0.17507582748995035, -0.029680447401416007, 0.7513892674264341], [-0.15890270692831365, -0.0639786976076036, 0.7335515415120897], [-0.15894552826620328, -0.08234908851939408, 0.735997309376898]], "Ms": [[[1.0, 0.0, 0.0, 0.0], [0.0, 1.0, 0.0, 0.0], [0.0, 0.0, 1.0, 0.0]], [[-0.04442386488288922, 0.11317251898236855, -0.9925817352621659, 0.7126603759421036], [-0.08910045431081182, 0.9891541824473351, 0.1167694839782689, -0.07998915594569932], [0.9950314714974967, 0.09362683533116824, -0.03385832889255715, 0.5955444174406396]], [[0.5353700814097946, -0.10948931997531974, 0.8374908744234842, -0.5901643953695572], [0.1291242654309484, 0.9905162567700285, 0.04695177473972033, -0.06490514380479258], [-0.8346890439008937, 0.08300381850031664, 0.5444304970390422, 0.4768965258415202]]], "world_camera_id": 0}