{"Pts": [[-0.15592222377867812, 0.04971268440007293, 0.712650025968443], [-0.14879787864109797, 0.020498460009211045, 0.7302618994271595], [-0.15324646313580312, -0.01419018471443909, 0.7338227729887425], [-0.16253773056010737, -0.015239484190068615, 0.7309292553936283], [-0.15947237719423668, 0.01764484877928565, 0.7483176712039669], [-0.15703979537507903, 0.05167394855917634, 0.7533779829537645], [-0.1493099651862227, -0.027881523608354337, 0.7418486639819292], [-0.14397524840406792, -0.03520600474500106, 0.7328854492402663], [-0.15130170332509887, -0.05865275529582025, 0.7283261963583637], [-0.16939581373879645, -0.0564478157602625, 0.7271175930007439], [-0.17426983182274883, -0.03389703010695233, 0.7318263632135285], [-0.17524248254800276, -0.028115743059311755, 0.7450613340461851], [-0.15754932262222, -0.06330254081339073, 0.72691538317884], [-0.15741235026654826, -0.08158373747445462, 0.7284678066768459]], "Ms": [[[1.0, 0.0, 0.0, 0.0], [0.0, 1.0, 0.0, 0.0], [0.0, 0.0, 1.0, 0.0]], [[-0.04442386488288922, 0.11317251898236855, -0.9925817352621659, 0.7126603759421036], [-0.08910045431081182, 0.9891541824473351, 0.1167694839782689, -0.07998915594569932], [0.9950314714974967, 0.09362683533116824, -0.03385832889255715, 0.5955444174406396]], [[0.5353700814097946, -0.10948931997531974, 0.8374908744234842, -0.5901643953695572], [0.1291242654309484, 0.9905162567700285, 0.04695177473972033, -0.06490514380479258], [-0.8346890439008937, 0.08300381850031664, 0.5444304970390422, 0.4768965258415202]]], "world_camera_id": 0}