{"Pts": [[0.1520313488910155, 0.05456136219965554, 0.6488866658996083], [0.153067146474254, 0.02203180538329059, 0.6470845088294122], [0.1479267382510053, -0.015103868604735265, 0.643894635830004], [0.14406422458893683, -0.01581163375945806, 0.6528062389051145], [0.14698248562942412, 0.020455169311360016, 0.659855964151584], [0.14797287766621325, 0.05490228030877321, 0.6631485278120625], [0.16866604767367716, -0.035661243534676715, 0.6388882971054427], [0.16383568255483738, -0.029617432537450344, 0.6314191504094275], [0.14584758984826512, -0.056464258220039865, 0.6348118860546581], [0.13874475033051123, -0.05780049101299274, 0.6557650269064423], [0.14863220134999808, -0.03844165954932162, 0.6601276234108093], [0.15582946090189878, -0.04008556021399513, 0.6522376663170568], [0.14546103687604675, -0.06463490092651196, 0.6458443527555431], [0.1493265306305785, -0.0823570834240439, 0.6435263673556795]], "Ms": [[[1.0, 0.0, 0.0, 0.0], [0.0, 1.0, 0.0, 0.0], [0.0, 0.0, 1.0, 0.0]], [[-0.04442386488288922, 0.11317251898236855, -0.9925817352621659, 0.7126603759421036], [-0.08910045431081182, 0.9891541824473351, 0.1167694839782689, -0.07998915594569932], [0.9950314714974967, 0.09362683533116824, -0.03385832889255715, 0.5955444174406396]], [[0.5353700814097946, -0.10948931997531974, 0.8374908744234842, -0.5901643953695572], [0.1291242654309484, 0.9905162567700285, 0.04695177473972033, -0.06490514380479258], [-0.8346890439008937, 0.08300381850031664, 0.5444304970390422, 0.4768965258415202]]], "world_camera_id": 0}