{"Pts": [[-0.14182407714730408, 0.05683655038246645, 0.688609208202727], [-0.14446289439661675, 0.02186186726900993, 0.6900518046475238], [-0.1509346892538339, -0.0012930968749890325, 0.6736851161640269], [-0.16220002622072288, -0.0022458544882604037, 0.6831760534769707], [-0.1623900220279762, 0.025875058006137572, 0.6841346326028303], [-0.16067737623559836, 0.05914905215110295, 0.6815759175755148], [-0.14261704086188265, -0.006013140673805686, 0.6592341743086786], [-0.14426603342997846, -0.027116380211734147, 0.659598866558107], [-0.15063230124401664, -0.053885870222043865, 0.6639163028594602], [-0.16637372209246626, -0.05461972143670199, 0.6789995770220049], [-0.1720408266793355, -0.03267078188333226, 0.6918852826600397], [-0.1708974891708051, -0.016247435995133112, 0.7058865891052722], [-0.15897769768952316, -0.05959999334708289, 0.6744542285376776], [-0.1576673703209167, -0.07762590779373388, 0.6780261108912131]], "Ms": [[[1.0, 0.0, 0.0, 0.0], [0.0, 1.0, 0.0, 0.0], [0.0, 0.0, 1.0, 0.0]], [[-0.04442386488288922, 0.11317251898236855, -0.9925817352621659, 0.7126603759421036], [-0.08910045431081182, 0.9891541824473351, 0.1167694839782689, -0.07998915594569932], [0.9950314714974967, 0.09362683533116824, -0.03385832889255715, 0.5955444174406396]], [[0.5353700814097946, -0.10948931997531974, 0.8374908744234842, -0.5901643953695572], [0.1291242654309484, 0.9905162567700285, 0.04695177473972033, -0.06490514380479258], [-0.8346890439008937, 0.08300381850031664, 0.5444304970390422, 0.4768965258415202]]], "world_camera_id": 0}