{"Pts": [[-0.15547125505586168, 0.054664861400972736, 0.6676223116759743], [-0.1490011349234162, 0.021535018826833785, 0.6796695706321274], [-0.15458266796663675, -4.481466742287583e-05, 0.6694253356950473], [-0.1654852089378217, -0.0015564269690986668, 0.6778576902049869], [-0.16264433423640307, 0.027204384456610577, 0.6834991950252215], [-0.16096069616893802, 0.059752949004949055, 0.6817842950580292], [-0.14487288833367354, -0.00586578105920856, 0.6556190299783412], [-0.14607217034153092, -0.02666409676543371, 0.6539321402297893], [-0.15266827655550955, -0.05288672870392898, 0.6594326792616935], [-0.16842034470863776, -0.05415003335716491, 0.67461416440536], [-0.1739733890521642, -0.03110278142176748, 0.6866702487887967], [-0.17283149959116112, -0.012369984012139207, 0.6973381109842902], [-0.16102180095832988, -0.059097538038943916, 0.6700006356173966], [-0.15973153649869426, -0.07703075451497758, 0.6735684106352527]], "Ms": [[[1.0, 0.0, 0.0, 0.0], [0.0, 1.0, 0.0, 0.0], [0.0, 0.0, 1.0, 0.0]], [[-0.04442386488288922, 0.11317251898236855, -0.9925817352621659, 0.7126603759421036], [-0.08910045431081182, 0.9891541824473351, 0.1167694839782689, -0.07998915594569932], [0.9950314714974967, 0.09362683533116824, -0.03385832889255715, 0.5955444174406396]], [[0.5353700814097946, -0.10948931997531974, 0.8374908744234842, -0.5901643953695572], [0.1291242654309484, 0.9905162567700285, 0.04695177473972033, -0.06490514380479258], [-0.8346890439008937, 0.08300381850031664, 0.5444304970390422, 0.4768965258415202]]], "world_camera_id": 0}