{"Pts": [[-0.1524544796843872, 0.0445748725066503, 0.7979112152577023], [-0.15115208875609015, 0.011590875828332951, 0.7908205722154551], [-0.1485557113148893, -0.019251804031492837, 0.7744947147685745], [-0.16152258188210342, -0.01861801087242314, 0.778254465360173], [-0.163592108257114, 0.017400641739430112, 0.7702453600500316], [-0.15710923357539913, 0.04921225675602424, 0.7586288396691551], [-0.13896363418617327, -0.028024552369557525, 0.7738503994403697], [-0.13751678519759428, -0.03834207616199834, 0.7637478756128012], [-0.14522401281184913, -0.061035305848092296, 0.7692677021637727], [-0.1686196810035627, -0.06060265446892965, 0.7721257028035579], [-0.17789293401803322, -0.03884434587303862, 0.7658353302566262], [-0.17191896188638053, -0.02576338742442167, 0.7764541446253057], [-0.15617805236899124, -0.06809923704831655, 0.7722419465837037], [-0.1565056431814033, -0.08561612603551981, 0.7764876158126591]], "Ms": [[[1.0, 0.0, 0.0, 0.0], [0.0, 1.0, 0.0, 0.0], [0.0, 0.0, 1.0, 0.0]], [[-0.04442386488288922, 0.11317251898236855, -0.9925817352621659, 0.7126603759421036], [-0.08910045431081182, 0.9891541824473351, 0.1167694839782689, -0.07998915594569932], [0.9950314714974967, 0.09362683533116824, -0.03385832889255715, 0.5955444174406396]], [[0.5353700814097946, -0.10948931997531974, 0.8374908744234842, -0.5901643953695572], [0.1291242654309484, 0.9905162567700285, 0.04695177473972033, -0.06490514380479258], [-0.8346890439008937, 0.08300381850031664, 0.5444304970390422, 0.4768965258415202]]], "world_camera_id": 0}