{"Pts": [[-0.1373893647423222, 0.056766900559327996, 0.7180816488598106], [-0.13153234936463495, 0.024151797696153846, 0.7158597668383222], [-0.12988649207851366, -0.006647140694217797, 0.7135489613191032], [-0.14050930326231276, -0.007384793922328653, 0.7200944241681418], [-0.13978647061697363, 0.016999128231511118, 0.7340804922093187], [-0.1430154878795895, 0.04830118425056058, 0.7232350555848351], [-0.12049636172893488, -0.018410890996903028, 0.7294409626209879], [-0.12312900106077174, -0.03367670774723327, 0.7141879889565909], [-0.12696086465275136, -0.05989514040942924, 0.7028703915050623], [-0.14958045363886077, -0.05944045332030641, 0.7115126282424725], [-0.15694614924662095, -0.03209207616718586, 0.7123501485404222], [-0.15885509541000717, -0.010745186142534375, 0.7189327070575838], [-0.13757842616322327, -0.06601437520527183, 0.7090059144233338], [-0.13555443698553746, -0.08526203352135574, 0.7095774118673873]], "Ms": [[[1.0, 0.0, 0.0, 0.0], [0.0, 1.0, 0.0, 0.0], [0.0, 0.0, 1.0, 0.0]], [[-0.04442386488288922, 0.11317251898236855, -0.9925817352621659, 0.7126603759421036], [-0.08910045431081182, 0.9891541824473351, 0.1167694839782689, -0.07998915594569932], [0.9950314714974967, 0.09362683533116824, -0.03385832889255715, 0.5955444174406396]], [[0.5353700814097946, -0.10948931997531974, 0.8374908744234842, -0.5901643953695572], [0.1291242654309484, 0.9905162567700285, 0.04695177473972033, -0.06490514380479258], [-0.8346890439008937, 0.08300381850031664, 0.5444304970390422, 0.4768965258415202]]], "world_camera_id": 0}