{"Pts": [[-0.1440031695112682, 0.029812602890866718, 0.8239693413051117], [-0.14533959526388693, 0.001546235454613137, 0.8454152180214977], [-0.15153492205625774, -0.0260984299405985, 0.8325780760814948], [-0.16147187428087068, -0.027101787051835906, 0.8358361157837731], [-0.15920039319815, 0.004957556372431009, 0.8437718122265423], [-0.1551172455979671, 0.03874937244795678, 0.8482367247050325], [-0.14268387470272761, -0.03946225401357475, 0.8294191928988678], [-0.13906567185958535, -0.05003727177050367, 0.8188133881560602], [-0.14746330404116514, -0.07129918117132214, 0.8258117480980267], [-0.16892576952790445, -0.06848919062727794, 0.8297690592863808], [-0.17964193211552584, -0.04757101309411499, 0.8347297362123564], [-0.17108041888797534, -0.03314135494541118, 0.838108552455387], [-0.15988821818855298, -0.07549751789660564, 0.8327752492299049], [-0.16063228467782056, -0.09177404239404018, 0.8385153281187846], [-0.1885438481661105, 0.06500208644288383, 0.645133977637413], [-0.1822739528595102, 0.03286869439591668, 0.6393833961489377], [-0.1824029907672772, 0.004323275291463561, 0.63102369276427], [-0.1930307195167406, 0.0022018478405763666, 0.6391790735929409], [-0.19147026014539073, 0.028397891268166126, 0.6498995688785855], [-0.19849424824992642, 0.05552051123524258, 0.6317522519406262], [-0.16422454187236035, 0.004281727311110857, 0.6368367874562142], [-0.17035979186787695, -0.01979388117941752, 0.6301645587794293], [-0.17592323900107054, -0.049047510249255855, 0.6238887938368048], [-0.1953347214528052, -0.04943874906782774, 0.6313120201173013], [-0.20524018809181666, -0.021402990284665153, 0.6353196614668774], [-0.2079382294165749, -0.002084780949424735, 0.6446488829176134], [-0.18302020569919605, -0.05395806988821678, 0.6291726179466892], [-0.18100171482669292, -0.07072739968785509, 0.6334656506662479]], "Ms": [[[1.0, 0.0, 0.0, 0.0], [0.0, 1.0, 0.0, 0.0], [0.0, 0.0, 1.0, 0.0]], [[-0.04442386488288922, 0.11317251898236855, -0.9925817352621659, 0.7126603759421036], [-0.08910045431081182, 0.9891541824473351, 0.1167694839782689, -0.07998915594569932], [0.9950314714974967, 0.09362683533116824, -0.03385832889255715, 0.5955444174406396]], [[0.5353700814097946, -0.10948931997531974, 0.8374908744234842, -0.5901643953695572], [0.1291242654309484, 0.9905162567700285, 0.04695177473972033, -0.06490514380479258], [-0.8346890439008937, 0.08300381850031664, 0.5444304970390422, 0.4768965258415202]]], "world_camera_id": 0}