{"Pts": [[-0.16669619738319547, 0.052145843911309255, 0.6300045797524205], [-0.15828710341213312, 0.029197009037252482, 0.6494520688050648], [-0.1650655666252271, -0.0015224553174245528, 0.6488844792960046], [-0.17296407508748324, -0.002460640235681348, 0.6457587072719067], [-0.16870300882963024, 0.028540137521322718, 0.6583089170157286], [-0.16671291809865924, 0.06367448406920909, 0.6599609545205504], [-0.1622342477536654, -0.01693427970717608, 0.6582244921620075], [-0.15421604983430773, -0.019936158104220808, 0.6493788434844391], [-0.16080461954842545, -0.04454818500198161, 0.6424502878142501], [-0.1804795559323482, -0.04457764372267208, 0.6443338944746815], [-0.1812305005541644, -0.02099631123234767, 0.6480679094085061], [-0.1791943946507466, -0.019822373505393086, 0.660140917209818], [-0.16921179544613238, -0.05130680540780781, 0.6418178983466543], [-0.17074856933707933, -0.06758423679475391, 0.6499267409116987]], "Ms": [[[1.0, 0.0, 0.0, 0.0], [0.0, 1.0, 0.0, 0.0], [0.0, 0.0, 1.0, 0.0]], [[-0.04442386488288922, 0.11317251898236855, -0.9925817352621659, 0.7126603759421036], [-0.08910045431081182, 0.9891541824473351, 0.1167694839782689, -0.07998915594569932], [0.9950314714974967, 0.09362683533116824, -0.03385832889255715, 0.5955444174406396]], [[0.5353700814097946, -0.10948931997531974, 0.8374908744234842, -0.5901643953695572], [0.1291242654309484, 0.9905162567700285, 0.04695177473972033, -0.06490514380479258], [-0.8346890439008937, 0.08300381850031664, 0.5444304970390422, 0.4768965258415202]]], "world_camera_id": 0}