{"Pts": [[-0.15582865498905904, 0.0573413940305289, 0.7072561294283671], [-0.1542616289592229, 0.023767823691364518, 0.7092434528975141], [-0.154328559794099, -0.010123221192095603, 0.705877591604214], [-0.16670569711898586, -0.010813527787689299, 0.7039645634041831], [-0.1640614107436151, 0.02129922729979307, 0.7184388007805986], [-0.1653304820821841, 0.05111540928754948, 0.7005859540487227], [-0.15080564150042297, -0.025891979960357567, 0.7136585382559185], [-0.1450593812624926, -0.03245371584479851, 0.7033316817341021], [-0.14857734472816148, -0.055046812772740095, 0.6981533753272776], [-0.16781124797234045, -0.0540075755892267, 0.6982346783113227], [-0.17370833680362965, -0.03041331473450567, 0.7005621727741512], [-0.1708818819606101, -0.027925003613461643, 0.7130954586996121], [-0.15941399808143686, -0.06122012376161664, 0.6975036658192241], [-0.15678228158152832, -0.07930515932934777, 0.7018750296542294]], "Ms": [[[1.0, 0.0, 0.0, 0.0], [0.0, 1.0, 0.0, 0.0], [0.0, 0.0, 1.0, 0.0]], [[-0.04442386488288922, 0.11317251898236855, -0.9925817352621659, 0.7126603759421036], [-0.08910045431081182, 0.9891541824473351, 0.1167694839782689, -0.07998915594569932], [0.9950314714974967, 0.09362683533116824, -0.03385832889255715, 0.5955444174406396]], [[0.5353700814097946, -0.10948931997531974, 0.8374908744234842, -0.5901643953695572], [0.1291242654309484, 0.9905162567700285, 0.04695177473972033, -0.06490514380479258], [-0.8346890439008937, 0.08300381850031664, 0.5444304970390422, 0.4768965258415202]]], "world_camera_id": 0}