{"Pts": [[0.11741221928876706, 0.052733684394880465, 0.6637073925342266], [0.1282483537235354, 0.02052072859918805, 0.6551576575625174], [0.1327804000704197, -0.014269593638530573, 0.6495569622273758], [0.13073387258832034, -0.015137544497869498, 0.6613545013332164], [0.1400218975376083, 0.020017756620741515, 0.6622980310038704], [0.1451423445006309, 0.0522714877085938, 0.6651995789243572], [0.15536476695361814, -0.04388570415186972, 0.6501305142926916], [0.1459253194082047, -0.03712669967008643, 0.6350415522216974], [0.1267741303172848, -0.05624002373852344, 0.6408875499171571], [0.12947065741455854, -0.057612355200804245, 0.6618107098077464], [0.13710189995946073, -0.04326851710337846, 0.6776051573611533], [0.14818791069301415, -0.0456718571559866, 0.6779348157410042], [0.1288634665702088, -0.06505904091966852, 0.6512007191353131], [0.13430814389011803, -0.08190941580120481, 0.648762904403633]], "Ms": [[[1.0, 0.0, 0.0, 0.0], [0.0, 1.0, 0.0, 0.0], [0.0, 0.0, 1.0, 0.0]], [[-0.04442386488288922, 0.11317251898236855, -0.9925817352621659, 0.7126603759421036], [-0.08910045431081182, 0.9891541824473351, 0.1167694839782689, -0.07998915594569932], [0.9950314714974967, 0.09362683533116824, -0.03385832889255715, 0.5955444174406396]], [[0.5353700814097946, -0.10948931997531974, 0.8374908744234842, -0.5901643953695572], [0.1291242654309484, 0.9905162567700285, 0.04695177473972033, -0.06490514380479258], [-0.8346890439008937, 0.08300381850031664, 0.5444304970390422, 0.4768965258415202]]], "world_camera_id": 0}