{"Pts": [[-0.13567115774405178, 0.05311849938575031, 0.718523857657838], [-0.13769748245920319, 0.022279312500767603, 0.7047338838476286], [-0.14372894068298434, -0.002265274681315938, 0.69265935490457], [-0.15884308674809108, -0.003132038039099367, 0.6972226035132018], [-0.15864707421125737, 0.02798068849185861, 0.6911285331873076], [-0.159378894885978, 0.058568446992941406, 0.6841560094059108], [-0.13416077395808515, -0.007300187333945959, 0.6847005758816624], [-0.13438988657271905, -0.029983368966973102, 0.6800977591389219], [-0.14064206296479284, -0.055210479030770865, 0.6822810032105264], [-0.15993157025427313, -0.05367004717348765, 0.6916746123614942], [-0.16262292209921997, -0.027991069368027886, 0.6998512792668834], [-0.16559924153716007, -0.01364850981647236, 0.7122910337544364], [-0.14944064314374866, -0.0605123048538032, 0.6877441528640655], [-0.14803941591560565, -0.0789205844251507, 0.6913528901002602]], "Ms": [[[1.0, 0.0, 0.0, 0.0], [0.0, 1.0, 0.0, 0.0], [0.0, 0.0, 1.0, 0.0]], [[-0.04442386488288922, 0.11317251898236855, -0.9925817352621659, 0.7126603759421036], [-0.08910045431081182, 0.9891541824473351, 0.1167694839782689, -0.07998915594569932], [0.9950314714974967, 0.09362683533116824, -0.03385832889255715, 0.5955444174406396]], [[0.5353700814097946, -0.10948931997531974, 0.8374908744234842, -0.5901643953695572], [0.1291242654309484, 0.9905162567700285, 0.04695177473972033, -0.06490514380479258], [-0.8346890439008937, 0.08300381850031664, 0.5444304970390422, 0.4768965258415202]]], "world_camera_id": 0}