{"Pts": [[0.15162011412692764, 0.054553489233107065, 0.6472308373154788], [0.1522552182571074, 0.02212072054893721, 0.6437748317544497], [0.15003124065911577, -0.01402884166279966, 0.6402635834797029], [0.1436949493077511, -0.015706990612802174, 0.6511729562632252], [0.1466814240527833, 0.0189154330430317, 0.6578598319617605], [0.1476398870846753, 0.054096124599252254, 0.6612781287576907], [0.17190280168899066, -0.03683923763843502, 0.6348345558280718], [0.16285659987834739, -0.03323179073355983, 0.6277469750164822], [0.1478825759538598, -0.05609734006049744, 0.6311627417508302], [0.13701711773720168, -0.05697159805496562, 0.6477187496392097], [0.14788136520241665, -0.038163152038611925, 0.6568493155598878], [0.1615998229881231, -0.04103988243937235, 0.6635285879924084], [0.14398683654109065, -0.06392242509470997, 0.639376587891848], [0.14856680187378132, -0.08194542217336519, 0.6402908592937769], [-0.03376121012374574, 0.016218617147024238, 0.9417119044988388], [-0.02478912799437497, -0.008230221602472552, 0.9187487150480221], [-0.027317078695980004, -0.03857453047448361, 0.9222031141241946], [-0.014741699899267886, -0.03952063684240744, 0.9300663364962072], [-0.016445810079189365, -0.00479595192791012, 0.9345512857300284], [-0.016242925149390162, 0.0226969509947555, 0.934910218605924], [-0.03309186824452653, -0.03893937901037734, 0.9054891947108791], [-0.03532405221870639, -0.06093482875853161, 0.914749686338171], [-0.033329614813905555, -0.08630806494239929, 0.9164838146310232], [-0.014730737763750128, -0.08968595862059417, 0.929850374268608], [-0.00832500863924082, -0.06799064507080976, 0.9354588768841108], [-0.006094305365328554, -0.04244791612709458, 0.9299100238008202], [-0.025087842707063372, -0.09481571595780303, 0.9216755039285282], [-0.018712188679647395, -0.11104552147004815, 0.9189115161939122]], "Ms": [[[1.0, 0.0, 0.0, 0.0], [0.0, 1.0, 0.0, 0.0], [0.0, 0.0, 1.0, 0.0]], [[-0.04442386488288922, 0.11317251898236855, -0.9925817352621659, 0.7126603759421036], [-0.08910045431081182, 0.9891541824473351, 0.1167694839782689, -0.07998915594569932], [0.9950314714974967, 0.09362683533116824, -0.03385832889255715, 0.5955444174406396]], [[0.5353700814097946, -0.10948931997531974, 0.8374908744234842, -0.5901643953695572], [0.1291242654309484, 0.9905162567700285, 0.04695177473972033, -0.06490514380479258], [-0.8346890439008937, 0.08300381850031664, 0.5444304970390422, 0.4768965258415202]]], "world_camera_id": 0}