{"Pts": [[0.11904659422464635, 0.0512777905426949, 0.6631214050717995], [0.13876371488992936, 0.02101404196995921, 0.6555829295717892], [0.13422303424460896, -0.014220238732542162, 0.6493717844281816], [0.1336821170205156, -0.015038273181178312, 0.6610252423036159], [0.14457762951595055, 0.0218463361129983, 0.6618195002408697], [0.14523866447730116, 0.05307972111367629, 0.6651672920152489], [0.15827288165200165, -0.04306125109260005, 0.6498394666298004], [0.14913631949480816, -0.034085461386357194, 0.6366740330867746], [0.1296309208294699, -0.0554403262133743, 0.6405683475195404], [0.13127135373053087, -0.05776415116106177, 0.6632490024081401], [0.13862063082781392, -0.043243396366581366, 0.6774727559797328], [0.15085752301228875, -0.04467831672979431, 0.6761355121790036], [0.1332109672845067, -0.06503861033086139, 0.6506662969152617], [0.1375353911772961, -0.082882341990202, 0.6498984602880505]], "Ms": [[[1.0, 0.0, 0.0, 0.0], [0.0, 1.0, 0.0, 0.0], [0.0, 0.0, 1.0, 0.0]], [[-0.04442386488288922, 0.11317251898236855, -0.9925817352621659, 0.7126603759421036], [-0.08910045431081182, 0.9891541824473351, 0.1167694839782689, -0.07998915594569932], [0.9950314714974967, 0.09362683533116824, -0.03385832889255715, 0.5955444174406396]], [[0.5353700814097946, -0.10948931997531974, 0.8374908744234842, -0.5901643953695572], [0.1291242654309484, 0.9905162567700285, 0.04695177473972033, -0.06490514380479258], [-0.8346890439008937, 0.08300381850031664, 0.5444304970390422, 0.4768965258415202]]], "world_camera_id": 0}