{"Pts": [[-307.276232987979, -407.8626856241999, -1167.0919066976421], [-309.3871228580336, -392.9505388956381, -1174.1119915497795], [-311.7511062772851, -376.05644500824457, -1182.0835205222518], [-311.61740538915836, -373.88230939101857, -1181.6716023027645], [-309.32999654342774, -389.1730054740602, -1173.8096800319192], [-307.10281362449734, -405.00981016448156, -1166.2833946702192], [0.17180757207038824, -0.039153301213562364, 0.6346240606847334], [-313.2807365472544, -367.4108873145934, -1186.6080594817013], [204.67165896598044, 12.875704295903454, -215.72512287741887], [150.49367031137956, 9.556165836052678, -157.6395888923062], [0.14788124192171304, -0.03816303731411387, 0.6568494107927755], [0.1600565420934276, -0.042640281845514924, 0.6635397883003172], [-314.8865839766616, -352.0481463302299, -1192.6321258506382], [-316.0156907293295, -342.4185081208987, -1195.9234069506188], [-0.018494328960070215, 0.021958451081556328, 0.9075901616693065], [-0.0161573962337567, -0.010082776910838582, 0.9097104699038844], [-0.020783942041663037, -0.03609551999227441, 0.9146989278271902], [-0.01259850198590612, -0.03735224816468576, 0.9247943451522829], [-0.013903400281056492, -0.005958415843083119, 0.9299302454888496], [-0.018478111590376472, 0.023398825996226634, 0.9330622125112622], [-0.024722280941142212, -0.03983393846014656, 0.9016965265574372], [-0.031002706662322573, -0.059227945235933326, 0.906715367911827], [-0.029032291703952703, -0.08878354039682441, 0.90902554988658], [-0.01051007667684051, -0.09003324930243105, 0.9250038727579111], [-0.0042843540888724855, -0.06371660971005354, 0.9274717720089989], [0.004326874825622697, -0.04313552534695794, 0.9150052211804844], [-0.02082151876093475, -0.09492614231670339, 0.9145012005770017], [-0.014573611137377537, -0.11183613903703338, 0.91026468198752]], "Ms": [[[1.0, 0.0, 0.0, 0.0], [0.0, 1.0, 0.0, 0.0], [0.0, 0.0, 1.0, 0.0]], [[-0.04442386488288922, 0.11317251898236855, -0.9925817352621659, 0.7126603759421036], [-0.08910045431081182, 0.9891541824473351, 0.1167694839782689, -0.07998915594569932], [0.9950314714974967, 0.09362683533116824, -0.03385832889255715, 0.5955444174406396]], [[0.5353700814097946, -0.10948931997531974, 0.8374908744234842, -0.5901643953695572], [0.1291242654309484, 0.9905162567700285, 0.04695177473972033, -0.06490514380479258], [-0.8346890439008937, 0.08300381850031664, 0.5444304970390422, 0.4768965258415202]]], "world_camera_id": 0}