{"Pts": [[-307.01752024561506, -407.51951172295156, -1166.1094800711414], [-309.33947717256524, -392.8909301445114, -1173.9339092726564], [-311.74577960300337, -376.0508107343049, -1182.0658756433902], [-311.89135068488173, -374.21198522556654, -1182.714765662101], [-309.29877026034865, -389.13367653187333, -1173.6909074426474], [-306.9125144639722, -404.7677196764252, -1165.5879489838135], [0.17174856823932033, -0.03912968124794101, 0.6346705151674951], [-314.47656773379384, -368.81255283674545, -1191.1393994237385], [-315.251535698653, -357.87928841952794, -1194.320564746079], [-314.4867258645429, -355.34873966546405, -1191.6891036651373], [0.14788558363054477, -0.03816289661095556, 0.6568459977677462], [0.1600818978602972, -0.04263944590103842, 0.6635199550450471], [-315.22927951062763, -352.4310536161318, -1193.9298739676638], [-330.7864339713191, -358.40591792872647, -1251.8447625630897], [-0.027169387280759964, 0.016839488166883156, 0.9218805776547965], [-0.01821124189742701, -0.010607530430885088, 0.9140341621972811], [-0.027244144783153724, -0.03812555362041968, 0.9173658074009174], [-0.014804237808874536, -0.03847644269922991, 0.9277214250460077], [-0.016658889403037294, -0.0030576618341791924, 0.9335975607986273], [-0.016383350346848072, 0.023515444471518775, 0.935057710087586], [-0.033024719751501445, -0.03951232201857907, 0.902966713787923], [-0.03521621696194678, -0.059665580318643156, 0.9101577490165745], [-0.033253008453516315, -0.08909216858183344, 0.9124289109769679], [-0.014747375786567455, -0.09035963071871499, 0.9284891657676142], [-0.00841867593456686, -0.06615455495447886, 0.9345405174147693], [0.0003634271411103549, -0.044729585933482294, 0.9303443204275146], [-0.025035855815622936, -0.0952176605118153, 0.9179528878707462], [-0.018685299729816314, -0.11076689856090077, 0.9164741449772456]], "Ms": [[[1.0, 0.0, 0.0, 0.0], [0.0, 1.0, 0.0, 0.0], [0.0, 0.0, 1.0, 0.0]], [[-0.04442386488288922, 0.11317251898236855, -0.9925817352621659, 0.7126603759421036], [-0.08910045431081182, 0.9891541824473351, 0.1167694839782689, -0.07998915594569932], [0.9950314714974967, 0.09362683533116824, -0.03385832889255715, 0.5955444174406396]], [[0.5353700814097946, -0.10948931997531974, 0.8374908744234842, -0.5901643953695572], [0.1291242654309484, 0.9905162567700285, 0.04695177473972033, -0.06490514380479258], [-0.8346890439008937, 0.08300381850031664, 0.5444304970390422, 0.4768965258415202]]], "world_camera_id": 0}