{"Pts": [[0.15279751575991032, 0.05537578095288306, 0.6524185591332211], [0.15347397303199234, 0.021986947202405915, 0.6487415714232366], [0.14869667599642214, -0.015311492172678057, 0.647174716978071], [0.14261113779140885, -0.016326430625327293, 0.6596795753436683], [0.1473659542874277, 0.02040550170338592, 0.6615054450539569], [0.14836809841761556, 0.05490615657196419, 0.6648029224031986], [0.16674775660820343, -0.03682998532245062, 0.6423994164086576], [0.148389609192107, -0.03383259947318967, 0.6333633281410453], [0.1463079811522786, -0.057318056647764175, 0.6431120418808103], [0.14011845777428825, -0.0592536514206837, 0.6621419176649277], [0.14858029731158065, -0.040599799091788936, 0.6667016801234634], [0.1566254673652211, -0.0411673000509, 0.6554428786722852], [0.14512514742271246, -0.06517771590534602, 0.6508829729686066], [0.14766615933560076, -0.08063241218677072, 0.6489412634461066]], "Ms": [[[1.0, 0.0, 0.0, 0.0], [0.0, 1.0, 0.0, 0.0], [0.0, 0.0, 1.0, 0.0]], [[-0.04442386488288922, 0.11317251898236855, -0.9925817352621659, 0.7126603759421036], [-0.08910045431081182, 0.9891541824473351, 0.1167694839782689, -0.07998915594569932], [0.9950314714974967, 0.09362683533116824, -0.03385832889255715, 0.5955444174406396]], [[0.5353700814097946, -0.10948931997531974, 0.8374908744234842, -0.5901643953695572], [0.1291242654309484, 0.9905162567700285, 0.04695177473972033, -0.06490514380479258], [-0.8346890439008937, 0.08300381850031664, 0.5444304970390422, 0.4768965258415202]]], "world_camera_id": 0}