{"Pts": [[-0.1442622392114181, 0.044846990080505626, 0.7827534955772834], [-0.14854443866478695, 0.011782796249573985, 0.775360354308932], [-0.15251936948413647, -0.017039930857824567, 0.7587802138387381], [-0.16516585645771417, -0.016807879800458236, 0.7611400671550828], [-0.1613798090416809, 0.017246781122558688, 0.7588149108915611], [-0.1575460800448579, 0.05213600143850624, 0.7554347000511673], [-0.14259548477059494, -0.0260500863931129, 0.7611217321476754], [-0.1410206328824664, -0.03726616238675015, 0.7527861415601064], [-0.14685882520528218, -0.06140446994213577, 0.749532759449049], [-0.16869821698693965, -0.05987693069986845, 0.7555646639052763], [-0.17488581785288806, -0.03924281598384981, 0.7579384664467862], [-0.17230458064498785, -0.024845551151614072, 0.7683229848454763], [-0.15800962653294498, -0.06778850051974628, 0.755035402232852], [-0.1580386900602954, -0.08528075783152049, 0.7574557102660108]], "Ms": [[[1.0, 0.0, 0.0, 0.0], [0.0, 1.0, 0.0, 0.0], [0.0, 0.0, 1.0, 0.0]], [[-0.04442386488288922, 0.11317251898236855, -0.9925817352621659, 0.7126603759421036], [-0.08910045431081182, 0.9891541824473351, 0.1167694839782689, -0.07998915594569932], [0.9950314714974967, 0.09362683533116824, -0.03385832889255715, 0.5955444174406396]], [[0.5353700814097946, -0.10948931997531974, 0.8374908744234842, -0.5901643953695572], [0.1291242654309484, 0.9905162567700285, 0.04695177473972033, -0.06490514380479258], [-0.8346890439008937, 0.08300381850031664, 0.5444304970390422, 0.4768965258415202]]], "world_camera_id": 0}