{"Pts": [[-0.15024641856746207, 0.046754320449018213, 0.7982865229098103], [-0.1483301943230446, 0.011339372072159388, 0.8021919638009246], [-0.1504956572219828, -0.02354155388080185, 0.8041386320068005], [-0.1595043326307405, -0.023669631150256765, 0.8045672007423249], [-0.1581387123508292, 0.006611254175724919, 0.8201392830356822], [-0.1582609632968286, 0.040140687818082284, 0.820821516308117], [-0.13891310094541318, -0.034639143419936715, 0.8032544095130735], [-0.13491891521209232, -0.04547282692992869, 0.7921785653457775], [-0.14464952474074547, -0.06850912061922088, 0.7976411646477647], [-0.16644333019681715, -0.06627153283822489, 0.7975210728048012], [-0.17608679982884876, -0.04585993618566297, 0.7906015093965914], [-0.16794880883134386, -0.03177129958681852, 0.8029479446490072], [-0.1543006802668436, -0.07225512282827871, 0.8014317368071249], [-0.1546062409599542, -0.08831926153159403, 0.8047900089981735], [-0.19037499428487506, 0.06382404196557687, 0.63400525768064], [-0.1957402308594208, 0.033776677454907617, 0.6199021489589077], [-0.2050115883785685, 0.00862580094818341, 0.607765121470164], [-0.21697021029720978, 0.007326545667917992, 0.6161173593819292], [-0.2191712410343858, 0.033948419765973646, 0.6170451129612766], [-0.21879736044842474, 0.06994643798756657, 0.6126290330454068], [-0.19277476762967172, 0.003583128719370475, 0.5949464694713403], [-0.19805396312022658, -0.015346823197087524, 0.5938792826092495], [-0.19968308511717478, -0.04222193949959668, 0.5967555830816386], [-0.21642534763410917, -0.0447470649583442, 0.6132119061329109], [-0.2240348995207, -0.018866216397421965, 0.6240947056067494], [-0.2104527683316456, 0.0033486682069878114, 0.6290602026973213], [-0.20540452689647837, -0.04941503350165334, 0.60622501616181], [-0.20157221641862144, -0.06518942120203057, 0.6130901218082014]], "Ms": [[[1.0, 0.0, 0.0, 0.0], [0.0, 1.0, 0.0, 0.0], [0.0, 0.0, 1.0, 0.0]], [[-0.04442386488288922, 0.11317251898236855, -0.9925817352621659, 0.7126603759421036], [-0.08910045431081182, 0.9891541824473351, 0.1167694839782689, -0.07998915594569932], [0.9950314714974967, 0.09362683533116824, -0.03385832889255715, 0.5955444174406396]], [[0.5353700814097946, -0.10948931997531974, 0.8374908744234842, -0.5901643953695572], [0.1291242654309484, 0.9905162567700285, 0.04695177473972033, -0.06490514380479258], [-0.8346890439008937, 0.08300381850031664, 0.5444304970390422, 0.4768965258415202]]], "world_camera_id": 0}