{"Pts": [[-0.1549621773281958, 0.041590655140366126, 0.7254771255877558], [-0.14916313036489862, 0.016805316782091084, 0.7491988147285559], [-0.15245323782518724, -0.014560967252310918, 0.7386549821480078], [-0.16499305934018202, -0.01510459362238194, 0.7424594371124746], [-0.16013313169287008, 0.018009036185271738, 0.7512919338192016], [-0.1567955655580124, 0.051034211815655504, 0.7532236619421294], [-0.1509653246712003, -0.02809959474872107, 0.7506399649723611], [-0.14394076323474342, -0.03537974989978661, 0.7418421504094296], [-0.14854037869179496, -0.05882946928836718, 0.7312180328452146], [-0.17160841612592942, -0.05747752363640599, 0.7372400371100631], [-0.1745674469689162, -0.03478716880546996, 0.7409550456522258], [-0.1695620785508905, -0.024815707092343337, 0.7554261793106538], [-0.159669483138725, -0.06436306077754428, 0.7373187649550963], [-0.15951580835967616, -0.08263400811102951, 0.7388026484463805]], "Ms": [[[1.0, 0.0, 0.0, 0.0], [0.0, 1.0, 0.0, 0.0], [0.0, 0.0, 1.0, 0.0]], [[-0.04442386488288922, 0.11317251898236855, -0.9925817352621659, 0.7126603759421036], [-0.08910045431081182, 0.9891541824473351, 0.1167694839782689, -0.07998915594569932], [0.9950314714974967, 0.09362683533116824, -0.03385832889255715, 0.5955444174406396]], [[0.5353700814097946, -0.10948931997531974, 0.8374908744234842, -0.5901643953695572], [0.1291242654309484, 0.9905162567700285, 0.04695177473972033, -0.06490514380479258], [-0.8346890439008937, 0.08300381850031664, 0.5444304970390422, 0.4768965258415202]]], "world_camera_id": 0}