{"Pts": [[-0.15267692566925092, 0.04523655807343467, 0.7980421849117816], [-0.1507228109614912, 0.012086814957870194, 0.7960148315245124], [-0.15037331680958846, -0.020533767711784598, 0.7831017103733586], [-0.16111396619620139, -0.021328295349330492, 0.783780520358452], [-0.1616507970524031, 0.015685044017694123, 0.7838546838021552], [-0.1617270630588375, 0.040933912628928114, 0.7649101747420789], [-0.13681491463251405, -0.029218510705354372, 0.781960212107224], [-0.1362270791326334, -0.043348863570298775, 0.7772969832399522], [-0.14312527312087422, -0.0645237376049414, 0.7778153102986054], [-0.16308519739448327, -0.06243005617224451, 0.7799097940353668], [-0.17553810022177727, -0.04246632758983869, 0.7702235185055049], [-0.1682334679346578, -0.02676425065402219, 0.784164747405819], [-0.15416894148231747, -0.07006665643549842, 0.7807826449844097], [-0.15275135244552354, -0.08615353594683478, 0.7844667647628966]], "Ms": [[[1.0, 0.0, 0.0, 0.0], [0.0, 1.0, 0.0, 0.0], [0.0, 0.0, 1.0, 0.0]], [[-0.04442386488288922, 0.11317251898236855, -0.9925817352621659, 0.7126603759421036], [-0.08910045431081182, 0.9891541824473351, 0.1167694839782689, -0.07998915594569932], [0.9950314714974967, 0.09362683533116824, -0.03385832889255715, 0.5955444174406396]], [[0.5353700814097946, -0.10948931997531974, 0.8374908744234842, -0.5901643953695572], [0.1291242654309484, 0.9905162567700285, 0.04695177473972033, -0.06490514380479258], [-0.8346890439008937, 0.08300381850031664, 0.5444304970390422, 0.4768965258415202]]], "world_camera_id": 0}