{"Pts": [[-0.1560930120710543, 0.05796209180344801, 0.707443285765287], [-0.1549977222035959, 0.024857038008666073, 0.7115253229375033], [-0.15564924574503758, -0.010799892067828727, 0.7127449803048262], [-0.1648507045249174, -0.011244096141085787, 0.7104381135297831], [-0.16449296032248836, 0.02072571748502033, 0.7271822754594811], [-0.1662495829547172, 0.050344169391746185, 0.7196850069843649], [-0.14844736728323427, -0.026223141752427476, 0.7184244698236132], [-0.14475380668672921, -0.03309003399274276, 0.7102313039568006], [-0.14834246559042868, -0.05574494085783973, 0.7049683858579662], [-0.16768915647082835, -0.054670365695929174, 0.7047479082931052], [-0.17366930945028528, -0.03151333309669862, 0.7070092096889983], [-0.17230852733002833, -0.02858667542658596, 0.7196461749786786], [-0.15925179971494555, -0.06191477493955452, 0.704137854936262], [-0.15841727576353748, -0.08008789713466873, 0.7095720757178989]], "Ms": [[[1.0, 0.0, 0.0, 0.0], [0.0, 1.0, 0.0, 0.0], [0.0, 0.0, 1.0, 0.0]], [[-0.04442386488288922, 0.11317251898236855, -0.9925817352621659, 0.7126603759421036], [-0.08910045431081182, 0.9891541824473351, 0.1167694839782689, -0.07998915594569932], [0.9950314714974967, 0.09362683533116824, -0.03385832889255715, 0.5955444174406396]], [[0.5353700814097946, -0.10948931997531974, 0.8374908744234842, -0.5901643953695572], [0.1291242654309484, 0.9905162567700285, 0.04695177473972033, -0.06490514380479258], [-0.8346890439008937, 0.08300381850031664, 0.5444304970390422, 0.4768965258415202]]], "world_camera_id": 0}