{"Pts": [[-0.16274103357366695, 0.05093585266004864, 0.6403326336384121], [-0.15697856483079722, 0.025985490543500148, 0.6613306524547419], [-0.1618384912549515, -0.003995791337660214, 0.6538117246009015], [-0.17201697870646687, -0.0046138495207358856, 0.65304771458188], [-0.16932550560064125, 0.028263824009166105, 0.6612772099711834], [-0.16659207007290375, 0.06300443461626219, 0.6607188758767114], [-0.1589017720727392, -0.018373232297080475, 0.6633036857675619], [-0.15524472729993022, -0.022204417168994153, 0.654295708107423], [-0.15850879736226356, -0.04674151117178632, 0.6455574348396008], [-0.18017338960245502, -0.045631592111283426, 0.6487765006918985], [-0.18315399006881372, -0.023679270586259602, 0.6564472739196592], [-0.18045806314076612, -0.02231362038731813, 0.666502854252913], [-0.16726439350417197, -0.05336828471874563, 0.6459311192279754], [-0.16876919982272393, -0.0698369578189117, 0.6539994659277991]], "Ms": [[[1.0, 0.0, 0.0, 0.0], [0.0, 1.0, 0.0, 0.0], [0.0, 0.0, 1.0, 0.0]], [[-0.04442386488288922, 0.11317251898236855, -0.9925817352621659, 0.7126603759421036], [-0.08910045431081182, 0.9891541824473351, 0.1167694839782689, -0.07998915594569932], [0.9950314714974967, 0.09362683533116824, -0.03385832889255715, 0.5955444174406396]], [[0.5353700814097946, -0.10948931997531974, 0.8374908744234842, -0.5901643953695572], [0.1291242654309484, 0.9905162567700285, 0.04695177473972033, -0.06490514380479258], [-0.8346890439008937, 0.08300381850031664, 0.5444304970390422, 0.4768965258415202]]], "world_camera_id": 0}