{"Pts": [[0.12860146001593692, 0.04491969435021263, 0.6578962506384065], [0.14764425294241876, 0.019317563775498488, 0.6492841584854435], [0.14003909348127605, -0.016369181321340572, 0.6482442924495132], [0.13815682729355278, -0.017251945014211217, 0.6601366109566147], [0.14743915949191225, 0.02120417343675541, 0.6615067113002764], [0.1481777832049209, 0.05328804228614365, 0.6648737404400044], [0.16140837731355354, -0.03940995077745062, 0.6446463713246371], [0.14450682472224902, -0.0363672649427262, 0.6353917868627298], [0.13631397497681366, -0.057416405057954555, 0.6444315795872476], [0.1360343166049254, -0.058678971157611906, 0.6643022329895976], [0.14676930506679733, -0.03950709601743874, 0.6720648227068307], [0.15960504152959484, -0.041193076754163324, 0.6740273731152646], [0.13932362578201002, -0.06596819145353956, 0.6514939449800143], [0.14189851434661363, -0.08212600840025003, 0.6494231926465689]], "Ms": [[[1.0, 0.0, 0.0, 0.0], [0.0, 1.0, 0.0, 0.0], [0.0, 0.0, 1.0, 0.0]], [[-0.04442386488288922, 0.11317251898236855, -0.9925817352621659, 0.7126603759421036], [-0.08910045431081182, 0.9891541824473351, 0.1167694839782689, -0.07998915594569932], [0.9950314714974967, 0.09362683533116824, -0.03385832889255715, 0.5955444174406396]], [[0.5353700814097946, -0.10948931997531974, 0.8374908744234842, -0.5901643953695572], [0.1291242654309484, 0.9905162567700285, 0.04695177473972033, -0.06490514380479258], [-0.8346890439008937, 0.08300381850031664, 0.5444304970390422, 0.4768965258415202]]], "world_camera_id": 0}