{"Pts": [[-0.15674491096414683, 0.05764464626394922, 0.6552188506748202], [-0.15588117297112955, 0.025467366652765795, 0.6709473860420475], [-0.1629786206803937, -0.004474204468171311, 0.6588628944736205], [-0.17344855145216218, -0.005194740299974772, 0.6589860559686735], [-0.16930253013092045, 0.027567657755248748, 0.6620774202500855], [-0.16676279963666074, 0.06292254702795945, 0.6617025902899255], [-0.16002732040242104, -0.0188630075665937, 0.668338743381711], [-0.15315184385464148, -0.025669190403805088, 0.6593706812542135], [-0.1584093612905728, -0.04782576958439414, 0.651311140749756], [-0.17858645275864435, -0.04662700597784629, 0.6539087142739685], [-0.184942310124818, -0.025668599036295717, 0.6638963596151667], [-0.18177198126720087, -0.023494085509301297, 0.6721215757619272], [-0.16879194009667578, -0.05395402267678922, 0.651933806993816], [-0.17025640661478764, -0.07041955470947471, 0.6598977263640939]], "Ms": [[[1.0, 0.0, 0.0, 0.0], [0.0, 1.0, 0.0, 0.0], [0.0, 0.0, 1.0, 0.0]], [[-0.04442386488288922, 0.11317251898236855, -0.9925817352621659, 0.7126603759421036], [-0.08910045431081182, 0.9891541824473351, 0.1167694839782689, -0.07998915594569932], [0.9950314714974967, 0.09362683533116824, -0.03385832889255715, 0.5955444174406396]], [[0.5353700814097946, -0.10948931997531974, 0.8374908744234842, -0.5901643953695572], [0.1291242654309484, 0.9905162567700285, 0.04695177473972033, -0.06490514380479258], [-0.8346890439008937, 0.08300381850031664, 0.5444304970390422, 0.4768965258415202]]], "world_camera_id": 0}