{"Pts": [[-0.15245448698224195, 0.044574871161381924, 0.7979112189725793], [-0.1507297923820595, 0.011878979568262086, 0.7879866878441953], [-0.14965507105904058, -0.018521417703795603, 0.7715030517311436], [-0.1627483160342453, -0.01843959485480601, 0.7753273328381831], [-0.16313526043726478, 0.017688538734548502, 0.7674664092275445], [-0.15687750819579566, 0.04856848736999937, 0.7584793382757488], [-0.13850034590663693, -0.02772577597508936, 0.7709225062949596], [-0.13704007881093735, -0.038042731104868416, 0.7607989329725825], [-0.1447241218074279, -0.06073992153135715, 0.7664000890552474], [-0.16807306177234693, -0.06032385370811197, 0.7694316484847563], [-0.17751774503410073, -0.03865406766554454, 0.7640664548325494], [-0.16926227910983854, -0.023860409935796016, 0.7739843683918309], [-0.1558297414013565, -0.0679084556749008, 0.7703911405917678], [-0.15598751148809875, -0.0853355927430412, 0.7737343359159691]], "Ms": [[[1.0, 0.0, 0.0, 0.0], [0.0, 1.0, 0.0, 0.0], [0.0, 0.0, 1.0, 0.0]], [[-0.04442386488288922, 0.11317251898236855, -0.9925817352621659, 0.7126603759421036], [-0.08910045431081182, 0.9891541824473351, 0.1167694839782689, -0.07998915594569932], [0.9950314714974967, 0.09362683533116824, -0.03385832889255715, 0.5955444174406396]], [[0.5353700814097946, -0.10948931997531974, 0.8374908744234842, -0.5901643953695572], [0.1291242654309484, 0.9905162567700285, 0.04695177473972033, -0.06490514380479258], [-0.8346890439008937, 0.08300381850031664, 0.5444304970390422, 0.4768965258415202]]], "world_camera_id": 0}