{"Pts": [[-0.13556276362553016, 0.054391755895341176, 0.718605955934993], [-0.13495796045608266, 0.0216448268212304, 0.7084752988486114], [-0.14090300653507046, -0.0021923285593226267, 0.6943827024865209], [-0.15602272699670455, -0.00304689223959836, 0.6988954035846057], [-0.1583193996224666, 0.027881118344484535, 0.695182354771289], [-0.1593422738386942, 0.05743598042176253, 0.6831186148024815], [-0.13161369318393312, -0.008854966773815072, 0.6892921609494909], [-0.13377897340283232, -0.03182769809912657, 0.6859369010483637], [-0.13804076196627066, -0.055508238353982206, 0.6849625541604062], [-0.15711744963576274, -0.05384910661749591, 0.6932799277045893], [-0.15977823430722377, -0.028036495920289315, 0.7015026035506667], [-0.16266789996063047, -0.012872876139815427, 0.7131828245940464], [-0.146632366673171, -0.060731005357782454, 0.689379673708927], [-0.1452271054255564, -0.07923537351337391, 0.6930137436222811]], "Ms": [[[1.0, 0.0, 0.0, 0.0], [0.0, 1.0, 0.0, 0.0], [0.0, 0.0, 1.0, 0.0]], [[-0.04442386488288922, 0.11317251898236855, -0.9925817352621659, 0.7126603759421036], [-0.08910045431081182, 0.9891541824473351, 0.1167694839782689, -0.07998915594569932], [0.9950314714974967, 0.09362683533116824, -0.03385832889255715, 0.5955444174406396]], [[0.5353700814097946, -0.10948931997531974, 0.8374908744234842, -0.5901643953695572], [0.1291242654309484, 0.9905162567700285, 0.04695177473972033, -0.06490514380479258], [-0.8346890439008937, 0.08300381850031664, 0.5444304970390422, 0.4768965258415202]]], "world_camera_id": 0}