{"Pts": [[-0.14152092919334439, 0.04712038668779986, 0.7752562882712062], [-0.14825694947264553, 0.011973615415151934, 0.7734432396036327], [-0.15218715510493727, -0.016844957787949838, 0.7568724859532718], [-0.16481810703504213, -0.016613871908177466, 0.759295443476214], [-0.16122458990927643, 0.01734235208718373, 0.7578777506442708], [-0.15717022235632788, 0.05158524050030668, 0.7543300838255458], [-0.14243532361249028, -0.025952001369766588, 0.7601477536980942], [-0.14068982343853906, -0.0370682697598166, 0.7508243795300141], [-0.14650785062139896, -0.061207548939336734, 0.7476060352661094], [-0.16832020828463917, -0.05969133307394411, 0.7537478893064452], [-0.1745091257715874, -0.0390546058655763, 0.7561446694803116], [-0.1717185645061255, -0.02596159461306192, 0.7663077497500018], [-0.15782754506758204, -0.0676938832032212, 0.7541039683603487], [-0.15767702168914094, -0.08509289459697228, 0.7556053155871314]], "Ms": [[[1.0, 0.0, 0.0, 0.0], [0.0, 1.0, 0.0, 0.0], [0.0, 0.0, 1.0, 0.0]], [[-0.04442386488288922, 0.11317251898236855, -0.9925817352621659, 0.7126603759421036], [-0.08910045431081182, 0.9891541824473351, 0.1167694839782689, -0.07998915594569932], [0.9950314714974967, 0.09362683533116824, -0.03385832889255715, 0.5955444174406396]], [[0.5353700814097946, -0.10948931997531974, 0.8374908744234842, -0.5901643953695572], [0.1291242654309484, 0.9905162567700285, 0.04695177473972033, -0.06490514380479258], [-0.8346890439008937, 0.08300381850031664, 0.5444304970390422, 0.4768965258415202]]], "world_camera_id": 0}