{"Pts": [[-0.15237471070225092, 0.03274633385670712, 0.8925576941362579], [-0.1527795044191202, 0.0002730943551833377, 0.8878780050233425], [-0.1485530986525717, -0.03242111724286382, 0.8783868932106593], [-0.1602984744972928, -0.031658119002054966, 0.8765244495679009], [-0.16247687999370325, -0.0025212228524551274, 0.8886204058819326], [-0.1622881048090238, 0.02219354363791325, 0.8642171001107678], [-0.13633853663002976, -0.04195154615852851, 0.8760961758552377], [-0.1316538172714016, -0.05518849729484935, 0.8734750146574702], [-0.14328820423403935, -0.07489169949767523, 0.8726435289336247], [-0.16458935372750824, -0.07303401892085976, 0.869642235882486], [-0.17045399491057536, -0.050449436589323444, 0.8692057891110069], [-0.16806898736970244, -0.036391710826502235, 0.8750670182586893], [-0.1536167906280683, -0.08073487846432464, 0.8758818848684571], [-0.15432593569322964, -0.09612950863575521, 0.8816048390604845], [-0.15944277331100407, 0.05124375884280583, 0.6608249409883911], [-0.14824844427188077, 0.021176847843323368, 0.6764397517027635], [-0.15572614214754252, 8.139551941886516e-06, 0.6676525519052428], [-0.1666334015316499, -0.0015060406586297809, 0.6761214985826075], [-0.16381442454783107, 0.027179804891826448, 0.6817262537631539], [-0.16083472113205394, 0.05906735483145726, 0.6825589208135342], [-0.14516060828477434, -0.004607132304296842, 0.655914428621403], [-0.14773330022882777, -0.026107433051322945, 0.6543612839455555], [-0.1522073013112178, -0.05268336455134774, 0.6573889717810582], [-0.1695497385159169, -0.05396520242493366, 0.6729217838521863], [-0.17502194087127054, -0.030259865233538626, 0.6841332487153997], [-0.1723229127021516, -0.010740489687835763, 0.6938016581969968], [-0.16055841203942686, -0.05889917438354317, 0.6680143703016097], [-0.15927995825949995, -0.07683260326565464, 0.671596380481058]], "Ms": [[[1.0, 0.0, 0.0, 0.0], [0.0, 1.0, 0.0, 0.0], [0.0, 0.0, 1.0, 0.0]], [[-0.04442386488288922, 0.11317251898236855, -0.9925817352621659, 0.7126603759421036], [-0.08910045431081182, 0.9891541824473351, 0.1167694839782689, -0.07998915594569932], [0.9950314714974967, 0.09362683533116824, -0.03385832889255715, 0.5955444174406396]], [[0.5353700814097946, -0.10948931997531974, 0.8374908744234842, -0.5901643953695572], [0.1291242654309484, 0.9905162567700285, 0.04695177473972033, -0.06490514380479258], [-0.8346890439008937, 0.08300381850031664, 0.5444304970390422, 0.4768965258415202]]], "world_camera_id": 0}