{"Pts": [[0.15203134918695585, 0.05456136226957575, 0.6488866662859097], [0.15347397302476723, 0.021986947209188003, 0.648741571450985], [0.14869667606017356, -0.015311492166334947, 0.6471747170728696], [0.14261113754125512, -0.01632643069750483, 0.6596795755193859], [0.14736595447898848, 0.020405501685021837, 0.6615054446126273], [0.14836809789559002, 0.05490615634556381, 0.6648029223562563], [0.1667477562132362, -0.03682998564257477, 0.6423994151360726], [0.1487769859906255, -0.03396557882203073, 0.634994692330187], [0.14589617105975008, -0.05870911690689629, 0.6413384659508659], [0.13940584026865316, -0.05970261869990705, 0.6588305750857456], [0.1485802998241144, -0.040599798885930787, 0.6667016779097004], [0.15703655882548076, -0.03971908504295769, 0.6572991007252454], [0.1447590888117742, -0.06499915120246678, 0.6492630621442941], [0.14766615911618347, -0.08063241214427479, 0.6489412634434655]], "Ms": [[[1.0, 0.0, 0.0, 0.0], [0.0, 1.0, 0.0, 0.0], [0.0, 0.0, 1.0, 0.0]], [[-0.04442386488288922, 0.11317251898236855, -0.9925817352621659, 0.7126603759421036], [-0.08910045431081182, 0.9891541824473351, 0.1167694839782689, -0.07998915594569932], [0.9950314714974967, 0.09362683533116824, -0.03385832889255715, 0.5955444174406396]], [[0.5353700814097946, -0.10948931997531974, 0.8374908744234842, -0.5901643953695572], [0.1291242654309484, 0.9905162567700285, 0.04695177473972033, -0.06490514380479258], [-0.8346890439008937, 0.08300381850031664, 0.5444304970390422, 0.4768965258415202]]], "world_camera_id": 0}