{"Pts": [[0.1515020105377709, 0.05614427429681365, 0.6476612520575871], [0.1526946501945875, 0.02128441288099431, 0.6452540344890502], [0.15002074075641958, -0.013244502739272617, 0.6403936604576683], [0.1440503666398007, -0.015024325982404512, 0.6529376296039648], [0.14629880630001071, 0.01896699755433334, 0.6562135561544783], [0.14718422970620731, 0.05489365193574537, 0.6598440389689859], [0.17161457493828663, -0.0432119766059547, 0.6447437859086406], [0.16819787279257978, -0.0347092137499739, 0.6373536659567374], [0.14828240538542362, -0.055488324959559056, 0.6328584441282088], [0.13732991521577922, -0.05869356714012837, 0.649169405369176], [0.14788136495284243, -0.038163149716357314, 0.6568493153164648], [0.1608630359316292, -0.04454296389416963, 0.6666720030473163], [0.14398683666669368, -0.06392242547680055, 0.6393765875608131], [0.14863758738296134, -0.0803858320577865, 0.6403841223495126], [-0.006422270734533325, 0.023154829248021168, 0.8984056236798831], [-0.01056516263732842, -0.004980992663969061, 0.8932453803242941], [-0.010688547941307448, -0.033335202678164845, 0.8904424228113677], [0.001463098434356016, -0.03439444803582388, 0.9001557841732704], [0.008553680607181239, -0.010811113878262623, 0.9010720479675765], [-0.006184209066197532, 0.014435861153345823, 0.9191880095582549], [-0.008268955334242753, -0.03388707518922532, 0.8779034036900424], [-0.01840315516851896, -0.057462578357438836, 0.8833911948120633], [-0.018434745088263982, -0.08473387280447908, 0.8844254529311895], [-0.0001625361748380133, -0.08759121045868894, 0.9019587077256386], [-0.0022408915786526905, -0.0647400006786026, 0.9047756235540944], [0.0019002388031100575, -0.042573546470432634, 0.9093267733233014], [-0.008299344971555976, -0.09239971011218574, 0.8899092983431293], [-0.004240182904678846, -0.10920817224839374, 0.8847111080800166]], "Ms": [[[1.0, 0.0, 0.0, 0.0], [0.0, 1.0, 0.0, 0.0], [0.0, 0.0, 1.0, 0.0]], [[-0.04442386488288922, 0.11317251898236855, -0.9925817352621659, 0.7126603759421036], [-0.08910045431081182, 0.9891541824473351, 0.1167694839782689, -0.07998915594569932], [0.9950314714974967, 0.09362683533116824, -0.03385832889255715, 0.5955444174406396]], [[0.5353700814097946, -0.10948931997531974, 0.8374908744234842, -0.5901643953695572], [0.1291242654309484, 0.9905162567700285, 0.04695177473972033, -0.06490514380479258], [-0.8346890439008937, 0.08300381850031664, 0.5444304970390422, 0.4768965258415202]]], "world_camera_id": 0}