{"Pts": [[-0.15530818882744274, 0.0560978254304512, 0.7068838315552163], [-0.15342569284473462, 0.021962330518229854, 0.7154251607658327], [-0.1540657380753477, -0.01262153852408754, 0.7212626211125424], [-0.16486653416747377, -0.01380301071217039, 0.7187136097430955], [-0.16025829699275843, 0.017542304041168216, 0.7329540173505015], [-0.15766742358172867, 0.04733606448152771, 0.7488464609975899], [-0.14879013583078096, -0.027221830447965795, 0.7291843523385998], [-0.1451455969431558, -0.03412734552307987, 0.7211008962742892], [-0.15049333733025058, -0.05684318059336737, 0.7157948490258846], [-0.1683902163097698, -0.0547251622453718, 0.7151033525623632], [-0.17259334857910308, -0.03193315338823422, 0.7170951768681678], [-0.17475946874708775, -0.02834524005770723, 0.7300469374770234], [-0.15829430402849992, -0.062003190235591504, 0.7146187942422515], [-0.15836975206528697, -0.08028750097479298, 0.717187837827651]], "Ms": [[[1.0, 0.0, 0.0, 0.0], [0.0, 1.0, 0.0, 0.0], [0.0, 0.0, 1.0, 0.0]], [[-0.04442386488288922, 0.11317251898236855, -0.9925817352621659, 0.7126603759421036], [-0.08910045431081182, 0.9891541824473351, 0.1167694839782689, -0.07998915594569932], [0.9950314714974967, 0.09362683533116824, -0.03385832889255715, 0.5955444174406396]], [[0.5353700814097946, -0.10948931997531974, 0.8374908744234842, -0.5901643953695572], [0.1291242654309484, 0.9905162567700285, 0.04695177473972033, -0.06490514380479258], [-0.8346890439008937, 0.08300381850031664, 0.5444304970390422, 0.4768965258415202]]], "world_camera_id": 0}