{"Pts": [[-0.13709562298610847, 0.05208533466000066, 0.7158287477951212], [-0.13844751229491384, 0.02180375322925907, 0.7005856261543054], [-0.14559922328668504, -0.001864328567376581, 0.685874928972168], [-0.15926122850891075, -0.002249244734499855, 0.6924175234178868], [-0.16273048859595035, 0.026916868777402285, 0.6894834466116816], [-0.1595923460863545, 0.059760821777396715, 0.6810499466603113], [-0.14197895224060667, -0.006673286403487247, 0.677562793752542], [-0.143004849746559, -0.030423528514131035, 0.6762181513500977], [-0.14557802609928003, -0.054522774622734714, 0.6759935948331784], [-0.1640532410054633, -0.05467272995042957, 0.6891388579379341], [-0.16528774407550045, -0.03065373303760513, 0.6970173873118506], [-0.16208741994920695, -0.0170348826131087, 0.7116216276285547], [-0.15339388725784145, -0.06072666117678955, 0.684261352459675], [-0.15044052325488613, -0.07904460175084299, 0.6876719064586396]], "Ms": [[[1.0, 0.0, 0.0, 0.0], [0.0, 1.0, 0.0, 0.0], [0.0, 0.0, 1.0, 0.0]], [[-0.04442386488288922, 0.11317251898236855, -0.9925817352621659, 0.7126603759421036], [-0.08910045431081182, 0.9891541824473351, 0.1167694839782689, -0.07998915594569932], [0.9950314714974967, 0.09362683533116824, -0.03385832889255715, 0.5955444174406396]], [[0.5353700814097946, -0.10948931997531974, 0.8374908744234842, -0.5901643953695572], [0.1291242654309484, 0.9905162567700285, 0.04695177473972033, -0.06490514380479258], [-0.8346890439008937, 0.08300381850031664, 0.5444304970390422, 0.4768965258415202]]], "world_camera_id": 0}