{"Pts": [[-0.15229035177261738, 0.03904997623426934, 0.8052132319654665], [-0.14581062147947538, 0.009921476186036076, 0.8229562200076932], [-0.15188241472560973, -0.024005580636090235, 0.8231772558868634], [-0.15948149760941202, -0.023459326256669487, 0.8245359668687604], [-0.15866978341500185, 0.005344041867991115, 0.840178304933983], [-0.15202339966419834, 0.03877193696699927, 0.8439485952868337], [-0.1413095457307535, -0.03803624924487702, 0.8210208393440761], [-0.1379416811696561, -0.047068764449704904, 0.8105836934647822], [-0.14797381000313614, -0.06849284058992795, 0.8174433324957118], [-0.167291791905518, -0.0675815056074886, 0.8211197888511468], [-0.17912749024758673, -0.045176115178098566, 0.8226864073674484], [-0.1694298971592663, -0.03287138569757278, 0.8293671292824624], [-0.15819554850203812, -0.07398578667395911, 0.8230981255109483], [-0.15891132204609654, -0.09078851760480189, 0.828882622319782], [-0.18623598376268566, 0.06574656533764553, 0.6460185778345267], [-0.18552396230114776, 0.03282358027595738, 0.6389075845308708], [-0.19047398374179933, 0.008569587074199834, 0.6274817031946477], [-0.2023118684633696, 0.006972994249795657, 0.6343624662824576], [-0.20197931838955252, 0.030101354568124353, 0.6364978814027576], [-0.21438158496477872, 0.06003820398962899, 0.6187267591930578], [-0.17700530108797405, -0.000287169593092515, 0.6161401818039733], [-0.18076659278534948, -0.019549979422008087, 0.6131519299217207], [-0.1847288955668764, -0.04469397796521532, 0.6148790252535206], [-0.20241660719434026, -0.045389836849266986, 0.6258589504781705], [-0.2085974431665793, -0.018398397067887498, 0.6301339839907036], [-0.21179765861825997, 0.0031260608576172307, 0.6375905717917776], [-0.18869758087640903, -0.0504421307203786, 0.6192847853280563], [-0.18801333313928012, -0.06685534353055546, 0.6283910645077663]], "Ms": [[[1.0, 0.0, 0.0, 0.0], [0.0, 1.0, 0.0, 0.0], [0.0, 0.0, 1.0, 0.0]], [[-0.04442386488288922, 0.11317251898236855, -0.9925817352621659, 0.7126603759421036], [-0.08910045431081182, 0.9891541824473351, 0.1167694839782689, -0.07998915594569932], [0.9950314714974967, 0.09362683533116824, -0.03385832889255715, 0.5955444174406396]], [[0.5353700814097946, -0.10948931997531974, 0.8374908744234842, -0.5901643953695572], [0.1291242654309484, 0.9905162567700285, 0.04695177473972033, -0.06490514380479258], [-0.8346890439008937, 0.08300381850031664, 0.5444304970390422, 0.4768965258415202]]], "world_camera_id": 0}