{"Pts": [[-0.15269387985286564, 0.04439070286844741, 0.7997940905914169], [-0.1500213182724707, 0.009992757866837431, 0.8008398010998624], [-0.1504608987570393, -0.02203716186192875, 0.7936334944295369], [-0.15939336808112634, -0.022185340543768285, 0.7943004581714446], [-0.1618904711904406, 0.008620536635068664, 0.8075349699646918], [-0.16315050725136215, 0.03520694413656096, 0.7868544263578187], [-0.14063844744409956, -0.032584071833171094, 0.7922794473973073], [-0.1360880695099925, -0.04386475280016364, 0.788225586481485], [-0.14466972184970178, -0.06739175367132344, 0.7870568379938316], [-0.1645461226821674, -0.06525587954854761, 0.787727319408486], [-0.17388205724552275, -0.04539012354241154, 0.7799860782353721], [-0.1716119059402346, -0.03194837232552846, 0.7923383074394332], [-0.15585234910800136, -0.07101113799860805, 0.7899725302160926], [-0.15457653687651543, -0.0871867715706983, 0.7945366204026805], [-0.20531390932283158, 0.07018413916459999, 0.6061502753877503], [-0.20250654265427767, 0.032820683250339426, 0.6111572480835658], [-0.21187886447002877, 0.008615725939104297, 0.5997883683866435], [-0.2233594275161712, 0.007139894042088845, 0.6107449686315752], [-0.22127882273369534, 0.03439855339243313, 0.6145007711886801], [-0.22161303313312863, 0.07159321879745405, 0.6121950457398802], [-0.2015559668161632, 0.0052216852027016335, 0.5878635056951812], [-0.20483905645767253, -0.014376505154612794, 0.5860077681470901], [-0.2083148186404095, -0.04111089315609159, 0.5905354452277292], [-0.22483123599183039, -0.04277607791754738, 0.6055890197718239], [-0.22979104097227623, -0.018610918719169225, 0.6155081695958997], [-0.21060921423484888, -0.012564300223425287, 0.6183088145896758], [-0.2145840447269775, -0.04872041544193022, 0.6010648425755275], [-0.21082706349715274, -0.06418615445728915, 0.6077067970470731]], "Ms": [[[1.0, 0.0, 0.0, 0.0], [0.0, 1.0, 0.0, 0.0], [0.0, 0.0, 1.0, 0.0]], [[-0.04442386488288922, 0.11317251898236855, -0.9925817352621659, 0.7126603759421036], [-0.08910045431081182, 0.9891541824473351, 0.1167694839782689, -0.07998915594569932], [0.9950314714974967, 0.09362683533116824, -0.03385832889255715, 0.5955444174406396]], [[0.5353700814097946, -0.10948931997531974, 0.8374908744234842, -0.5901643953695572], [0.1291242654309484, 0.9905162567700285, 0.04695177473972033, -0.06490514380479258], [-0.8346890439008937, 0.08300381850031664, 0.5444304970390422, 0.4768965258415202]]], "world_camera_id": 0}