{"Pts": [[-0.15009797583496032, 0.033433910576260606, 0.8896301436414386], [-0.1490197053062651, 0.000615506366246312, 0.8830976012798115], [-0.14896643516349667, -0.03142905341084258, 0.8678667189511334], [-0.15876562715483475, -0.030607601353035505, 0.8669131339488448], [-0.16003427239800644, 0.003994420657712786, 0.8613339302425914], [-0.15816803779408514, 0.03337156436020946, 0.84808183826354], [-0.13672678831282345, -0.04036437302010708, 0.8653313064017261], [-0.133723708808773, -0.0536337710252357, 0.859243022311275], [-0.14367382306847995, -0.07324410592408967, 0.8621571804117745], [-0.16524229132389212, -0.07243562333069835, 0.8621845739663165], [-0.17112105564035127, -0.04992403018640178, 0.8610139293546036], [-0.16623837530936025, -0.034354138285855, 0.8658100936146309], [-0.1539998333368724, -0.07861534004251117, 0.8657485150694366], [-0.15483122218452136, -0.09397821654228075, 0.8715237491253836], [-0.18041930780040427, 0.057071847423742945, 0.6470372158639778], [-0.1652990535097541, 0.02982427723379974, 0.6549435654445757], [-0.16135783549300997, 0.0037295262764943083, 0.6556804093176006], [-0.17357128673735842, 0.002325402971577745, 0.6694667953144907], [-0.16363029639958324, 0.029864459406773014, 0.6792034025755832], [-0.16043134169483983, 0.05967523720930032, 0.6824016937710061], [-0.15262917129926123, -0.006497285665710921, 0.6683552748363072], [-0.156009089923057, -0.02263478650164775, 0.6556333985996189], [-0.15804490467781585, -0.04998904520193329, 0.6500365184976055], [-0.1790680386050508, -0.04991250540174809, 0.6619597903864749], [-0.1809248974221555, -0.023276971789477584, 0.6652603015876832], [-0.17781659992443818, -0.0035197834065077106, 0.6709463374482283], [-0.16719315261782966, -0.05771537777036572, 0.6578416946440023], [-0.16438546620348116, -0.075420779635639, 0.6611026267306237]], "Ms": [[[1.0, 0.0, 0.0, 0.0], [0.0, 1.0, 0.0, 0.0], [0.0, 0.0, 1.0, 0.0]], [[-0.04442386488288922, 0.11317251898236855, -0.9925817352621659, 0.7126603759421036], [-0.08910045431081182, 0.9891541824473351, 0.1167694839782689, -0.07998915594569932], [0.9950314714974967, 0.09362683533116824, -0.03385832889255715, 0.5955444174406396]], [[0.5353700814097946, -0.10948931997531974, 0.8374908744234842, -0.5901643953695572], [0.1291242654309484, 0.9905162567700285, 0.04695177473972033, -0.06490514380479258], [-0.8346890439008937, 0.08300381850031664, 0.5444304970390422, 0.4768965258415202]]], "world_camera_id": 0}