{"Pts": [[-339.7237653116537, -450.34709953001834, -1290.0057447153577], [-342.102932266816, -433.324361635862, -1298.0096684385383], [-344.7114891037571, -414.0959797483854, -1307.0253155616724], [-344.2879324976576, -411.534293406275, -1306.196972414177], [-341.87080491881255, -430.56906618132774, -1297.373108139303], [-339.5248254186265, -447.60330942390675, -1289.296153224915], [0.16718719883123995, -0.03696936007070121, 0.6440694987556422], [-346.5025560722974, -406.6180722424223, -1312.6971622456344], [0.1463079094658485, -0.05731805922077396, 0.6431120946136919], [0.14011846444896478, -0.05925373858869379, 0.6621419230827841], [0.14858011284779954, -0.040599821240695666, 0.6667018211615697], [0.15621583274253975, -0.041816792491824475, 0.6536895908128633], [0.14512503413341052, -0.06517767504988434, 0.6508830210330383], [0.14766615936435426, -0.08063241218249213, 0.6489412634345867]], "Ms": [[[1.0, 0.0, 0.0, 0.0], [0.0, 1.0, 0.0, 0.0], [0.0, 0.0, 1.0, 0.0]], [[-0.04442386488288922, 0.11317251898236855, -0.9925817352621659, 0.7126603759421036], [-0.08910045431081182, 0.9891541824473351, 0.1167694839782689, -0.07998915594569932], [0.9950314714974967, 0.09362683533116824, -0.03385832889255715, 0.5955444174406396]], [[0.5353700814097946, -0.10948931997531974, 0.8374908744234842, -0.5901643953695572], [0.1291242654309484, 0.9905162567700285, 0.04695177473972033, -0.06490514380479258], [-0.8346890439008937, 0.08300381850031664, 0.5444304970390422, 0.4768965258415202]]], "world_camera_id": 0}