{"Pts": [[-0.13410798035445537, 0.05337511439996213, 0.7184801579394858], [-0.1295886537910805, 0.02134155724057585, 0.7133657628271324], [-0.13563808592763582, -0.0027841168607133497, 0.7082551537244217], [-0.14660765407598175, -0.0035104114831527463, 0.7069861654305406], [-0.14802151522256615, 0.01718749303478857, 0.7171650894370637], [-0.15560525320058105, 0.04764457441537522, 0.6945448520635273], [-0.11899103837537597, -0.01034342954424063, 0.7003497529146151], [-0.1245348670338525, -0.03374566186806898, 0.6961687774330576], [-0.1302423324378277, -0.05783868819815712, 0.6940636259336678], [-0.15272877183550448, -0.0580110701265045, 0.7030719229673952], [-0.15974156205338738, -0.029900567022432805, 0.709022586324733], [-0.16269879892376343, -0.008423026887749464, 0.7118711944463707], [-0.142443383587187, -0.06447455253169335, 0.7004941452403891], [-0.13887609722222796, -0.08357942543970236, 0.7009574804179658]], "Ms": [[[1.0, 0.0, 0.0, 0.0], [0.0, 1.0, 0.0, 0.0], [0.0, 0.0, 1.0, 0.0]], [[-0.04442386488288922, 0.11317251898236855, -0.9925817352621659, 0.7126603759421036], [-0.08910045431081182, 0.9891541824473351, 0.1167694839782689, -0.07998915594569932], [0.9950314714974967, 0.09362683533116824, -0.03385832889255715, 0.5955444174406396]], [[0.5353700814097946, -0.10948931997531974, 0.8374908744234842, -0.5901643953695572], [0.1291242654309484, 0.9905162567700285, 0.04695177473972033, -0.06490514380479258], [-0.8346890439008937, 0.08300381850031664, 0.5444304970390422, 0.4768965258415202]]], "world_camera_id": 0}