{"Pts": [[0.15162011388434118, 0.054553489247726114, 0.6472308372282546], [0.15225521799963562, 0.022120720647808415, 0.6437748316939839], [0.15003124050391553, -0.014028842143575644, 0.6402635833898358], [0.143694949122936, -0.0157069910895609, 0.6511729559515564], [0.14625926782946858, 0.01976049354675604, 0.6563873231522119], [0.1471842297039058, 0.0548936519770102, 0.659844038966356], [0.17047504962820884, -0.037640354666041216, 0.6349643309994303], [0.16423444359547026, -0.033200286699572555, 0.627538108152566], [0.14788257594595347, -0.05609734034758533, 0.6311627417144016], [0.13700235218369208, -0.05774890006752096, 0.6476409744168163], [0.14788136491036336, -0.0381631497465621, 0.656849315318621], [0.16045449559766276, -0.04439315159949361, 0.6650066378561351], [0.1439868366420866, -0.06392242557557813, 0.6393765875711955], [0.14856680213315823, -0.08194542216475319, 0.6402908589517315], [-0.005953601953369704, 0.024725653552569535, 0.8985093306449964], [-0.008536686103748454, -0.006937299376712289, 0.8999574169340618], [-0.016657966895205767, -0.03373961553699319, 0.9000534228100143], [-0.004197366473875626, -0.03349288037907562, 0.9126745903014114], [-0.007999059743972461, -0.004612499931774344, 0.9207890165492666], [-0.018356326099453986, 0.022760826814386168, 0.9304212524949742], [-0.01609241683164826, -0.03406612355459882, 0.8922345562010413], [-0.024534850996803338, -0.057795422310587055, 0.8928258567866828], [-0.024658772957374644, -0.08494824005410599, 0.8937786139657816], [-0.0063186367630920824, -0.08753155421421588, 0.9090392282712086], [-0.008479022852396201, -0.06128772260105065, 0.9098492254375949], [-0.004250068592696057, -0.04368351242778481, 0.9008110442583569], [-0.014464268068593076, -0.09258618213906745, 0.899443125197817], [-0.010358635613432506, -0.10935158176608131, 0.8943791297440665]], "Ms": [[[1.0, 0.0, 0.0, 0.0], [0.0, 1.0, 0.0, 0.0], [0.0, 0.0, 1.0, 0.0]], [[-0.04442386488288922, 0.11317251898236855, -0.9925817352621659, 0.7126603759421036], [-0.08910045431081182, 0.9891541824473351, 0.1167694839782689, -0.07998915594569932], [0.9950314714974967, 0.09362683533116824, -0.03385832889255715, 0.5955444174406396]], [[0.5353700814097946, -0.10948931997531974, 0.8374908744234842, -0.5901643953695572], [0.1291242654309484, 0.9905162567700285, 0.04695177473972033, -0.06490514380479258], [-0.8346890439008937, 0.08300381850031664, 0.5444304970390422, 0.4768965258415202]]], "world_camera_id": 0}