{"Pts": [[-356.60445156550657, -469.36648329448775, -1355.1824543134385], [-359.0639766704494, -453.64233026418736, -1362.9390187708857], [0.1428692540337129, -0.017053578778242904, 0.6478374177277372], [0.14109588569405296, -0.01715830163320242, 0.6598083669128845], [-358.5655701576975, -451.29998700534304, -1360.999283240288], [-355.9904445757438, -469.2024622258762, -1352.8813243771551], [0.1657367583781685, -0.03777490808156744, 0.6442036827014824], [0.14593898435383718, -0.035572180855041956, 0.635244252897348], [0.1405861078394395, -0.05813616454205322, 0.6437836589508843], [0.14046674956906705, -0.05942176041276849, 0.6637589346934507], [0.15017042712261727, -0.03741772209511018, 0.6668747794337831], [0.16042775714300112, -0.039036610434185534, 0.658659624185355], [0.14220883315618535, -0.06672098967167897, 0.6510545337121789], [0.14478127337168753, -0.08213979899664028, 0.6490747669310066]], "Ms": [[[1.0, 0.0, 0.0, 0.0], [0.0, 1.0, 0.0, 0.0], [0.0, 0.0, 1.0, 0.0]], [[-0.04442386488288922, 0.11317251898236855, -0.9925817352621659, 0.7126603759421036], [-0.08910045431081182, 0.9891541824473351, 0.1167694839782689, -0.07998915594569932], [0.9950314714974967, 0.09362683533116824, -0.03385832889255715, 0.5955444174406396]], [[0.5353700814097946, -0.10948931997531974, 0.8374908744234842, -0.5901643953695572], [0.1291242654309484, 0.9905162567700285, 0.04695177473972033, -0.06490514380479258], [-0.8346890439008937, 0.08300381850031664, 0.5444304970390422, 0.4768965258415202]]], "world_camera_id": 0}