{"Pts": [[0.15203134918825933, 0.05456136226834945, 0.648886666276579], [0.15306714659701484, 0.022031805420510656, 0.6470845089774556], [0.14792673826536804, -0.015103868600861527, 0.6438946358471332], [0.14443395045651655, -0.015916498554978353, 0.6544408176809428], [0.1469824855683029, 0.020455169236593043, 0.6598559642854559], [0.14797287720385588, 0.0549022804872998, 0.663148527229524], [0.1714158887512594, -0.03715055414434553, 0.6383822529376686], [0.1577971374790954, -0.031159623535573878, 0.6304887783791978], [0.1458475902894562, -0.05646425793449743, 0.6348118868867441], [0.13839847711554545, -0.05763436397500284, 0.6541533984743811], [0.14900827923947327, -0.038581224108544324, 0.661768758942841], [0.158312913594901, -0.03988777690859804, 0.6502360274480659], [0.14509188026194583, -0.0644565179530492, 0.6442254759458566], [0.14932653051905614, -0.0823570835892253, 0.6435263671641839]], "Ms": [[[1.0, 0.0, 0.0, 0.0], [0.0, 1.0, 0.0, 0.0], [0.0, 0.0, 1.0, 0.0]], [[-0.04442386488288922, 0.11317251898236855, -0.9925817352621659, 0.7126603759421036], [-0.08910045431081182, 0.9891541824473351, 0.1167694839782689, -0.07998915594569932], [0.9950314714974967, 0.09362683533116824, -0.03385832889255715, 0.5955444174406396]], [[0.5353700814097946, -0.10948931997531974, 0.8374908744234842, -0.5901643953695572], [0.1291242654309484, 0.9905162567700285, 0.04695177473972033, -0.06490514380479258], [-0.8346890439008937, 0.08300381850031664, 0.5444304970390422, 0.4768965258415202]]], "world_camera_id": 0}