{"Pts": [[-0.15254012033318112, 0.058620346527625704, 0.662573033545083], [-0.15664472414053274, 0.025101652089838722, 0.6749725627848192], [-0.16075440686841871, -0.004601845675452691, 0.6623100575145169], [-0.17258893835932168, -0.0053527653889319715, 0.661639539363767], [-0.16971583486758426, 0.02738166804829632, 0.6640493130903972], [-0.1670075662907975, 0.0642621582528826, 0.6601887130267454], [-0.15640374036235885, -0.020025376291314314, 0.6716336449703233], [-0.15256882154388335, -0.026518393893851293, 0.663193269125959], [-0.15623243295918815, -0.04766246757325694, 0.6547775204011955], [-0.17962472463081644, -0.04700875056176394, 0.6578009450969194], [-0.18445397021593365, -0.026454316256841876, 0.6674353247306029], [-0.18101823460954755, -0.0232965607919406, 0.6756554517303004], [-0.1666743494095259, -0.053831390424864116, 0.6553112247620222], [-0.16786353082240063, -0.07185122928955191, 0.6630474616079727]], "Ms": [[[1.0, 0.0, 0.0, 0.0], [0.0, 1.0, 0.0, 0.0], [0.0, 0.0, 1.0, 0.0]], [[-0.04442386488288922, 0.11317251898236855, -0.9925817352621659, 0.7126603759421036], [-0.08910045431081182, 0.9891541824473351, 0.1167694839782689, -0.07998915594569932], [0.9950314714974967, 0.09362683533116824, -0.03385832889255715, 0.5955444174406396]], [[0.5353700814097946, -0.10948931997531974, 0.8374908744234842, -0.5901643953695572], [0.1291242654309484, 0.9905162567700285, 0.04695177473972033, -0.06490514380479258], [-0.8346890439008937, 0.08300381850031664, 0.5444304970390422, 0.4768965258415202]]], "world_camera_id": 0}