{"Pts": [[-0.15650256439920543, 0.058498818585007675, 0.7086085578341877], [-0.15415595953071795, 0.025319084141184223, 0.7066067253082702], [-0.1566346546393924, -0.008212857308194552, 0.6986959310302218], [-0.1673442742899616, -0.008364773844117625, 0.6977781798152515], [-0.165949705092323, 0.024470825142677288, 0.7044648770919852], [-0.1685826334446921, 0.046622448550851237, 0.6798500769881346], [-0.14777439167805292, -0.023189652180864963, 0.7058575720168033], [-0.14401494852202917, -0.03132536460937936, 0.6955759253470211], [-0.14891040286369955, -0.051892788279657244, 0.6916423248519298], [-0.1713379123592283, -0.05048879100403352, 0.6924369323972713], [-0.1775853204189763, -0.029297994879016756, 0.6956225484448698], [-0.17652797052860408, -0.025043007594687965, 0.7074675320826336], [-0.15807260675583415, -0.058116756917065415, 0.6909874954958267], [-0.1570138322504702, -0.07614212450992848, 0.6955124756890116]], "Ms": [[[1.0, 0.0, 0.0, 0.0], [0.0, 1.0, 0.0, 0.0], [0.0, 0.0, 1.0, 0.0]], [[-0.04442386488288922, 0.11317251898236855, -0.9925817352621659, 0.7126603759421036], [-0.08910045431081182, 0.9891541824473351, 0.1167694839782689, -0.07998915594569932], [0.9950314714974967, 0.09362683533116824, -0.03385832889255715, 0.5955444174406396]], [[0.5353700814097946, -0.10948931997531974, 0.8374908744234842, -0.5901643953695572], [0.1291242654309484, 0.9905162567700285, 0.04695177473972033, -0.06490514380479258], [-0.8346890439008937, 0.08300381850031664, 0.5444304970390422, 0.4768965258415202]]], "world_camera_id": 0}