{"Pts": [[0.13433305644902296, 0.04771093426865789, 0.6555129620271758], [0.1504456902712604, 0.018673220158292154, 0.6489236383165977], [0.1414324423572785, -0.017099644362296718, 0.6480222027798176], [0.14104918375649086, -0.01794301146508072, 0.6597703773582851], [0.14582492901375158, 0.01953018031091629, 0.6616602003770098], [0.14514234256311148, 0.052271487758468564, 0.6651995790517524], [0.16425705778475105, -0.03935635895439236, 0.6442807067758201], [0.14591020099309548, -0.03633666034165647, 0.6351885314650851], [0.13915776242447464, -0.05814974863770109, 0.6439723907459595], [0.13898437492919458, -0.05943196797941393, 0.663913102192115], [0.1501334553025652, -0.038204111392566104, 0.6668034309754302], [0.16015543853683656, -0.04027798486380312, 0.6637460833639806], [0.14220886240823144, -0.0667209944289486, 0.6510545867634708], [0.14477963045165881, -0.08289827725322295, 0.6489628526299037]], "Ms": [[[1.0, 0.0, 0.0, 0.0], [0.0, 1.0, 0.0, 0.0], [0.0, 0.0, 1.0, 0.0]], [[-0.04442386488288922, 0.11317251898236855, -0.9925817352621659, 0.7126603759421036], [-0.08910045431081182, 0.9891541824473351, 0.1167694839782689, -0.07998915594569932], [0.9950314714974967, 0.09362683533116824, -0.03385832889255715, 0.5955444174406396]], [[0.5353700814097946, -0.10948931997531974, 0.8374908744234842, -0.5901643953695572], [0.1291242654309484, 0.9905162567700285, 0.04695177473972033, -0.06490514380479258], [-0.8346890439008937, 0.08300381850031664, 0.5444304970390422, 0.4768965258415202]]], "world_camera_id": 0}