{"Pts": [[-0.1505669440108056, 0.04335486905172534, 0.7998055730597643], [-0.14960990432332064, 0.012026921400017238, 0.8090228506324386], [-0.15224400043799616, -0.02391697965480307, 0.8144381492012632], [-0.16146952270130668, -0.024145727935948897, 0.8155121569302564], [-0.15794773112869503, 0.008425291974027138, 0.8299793437627814], [-0.15407283580705441, 0.039921777001445245, 0.8427859420167491], [-0.14050527540877553, -0.036953779797777565, 0.8135863235106573], [-0.13692219983709278, -0.046378838617889544, 0.8038867968361164], [-0.14714105152772797, -0.0700629957907584, 0.8125349461452479], [-0.16561424885539858, -0.06733530472795113, 0.8122827065155799], [-0.17461598591131372, -0.04344859391682836, 0.810229607433101], [-0.1690853640143942, -0.030804922525734944, 0.818601110270877], [-0.15676156303406838, -0.07315066981155723, 0.8150555468951909], [-0.1571716609133198, -0.08979125576441661, 0.8191450046725421], [-0.18741812236690752, 0.06447894025344787, 0.6444043685652565], [-0.18612674952282826, 0.03431730963147931, 0.6338484327222788], [-0.19601523782824384, 0.009648592096614856, 0.6190769470688035], [-0.20815136936077938, 0.00789472350411712, 0.6271794060090845], [-0.21191649177234287, 0.035467624821528466, 0.6239756537892418], [-0.2190310178679218, 0.06622416911170143, 0.614510789547378], [-0.1856650570191816, 0.0012609398607496519, 0.6086305104394544], [-0.18855703447233516, -0.018172705063491557, 0.6036084505578578], [-0.19137600174333222, -0.04288704745700862, 0.6090267459312065], [-0.20687426511475906, -0.04409506370314604, 0.6220963689621557], [-0.21382998350999008, -0.014549211184002807, 0.6306410564053241], [-0.19766243759370927, 0.004822781308291552, 0.6296640413206106], [-0.1946574899196667, -0.049988521915273844, 0.6157956501953519], [-0.19218154455903916, -0.06612845911184975, 0.6233508312140911]], "Ms": [[[1.0, 0.0, 0.0, 0.0], [0.0, 1.0, 0.0, 0.0], [0.0, 0.0, 1.0, 0.0]], [[-0.04442386488288922, 0.11317251898236855, -0.9925817352621659, 0.7126603759421036], [-0.08910045431081182, 0.9891541824473351, 0.1167694839782689, -0.07998915594569932], [0.9950314714974967, 0.09362683533116824, -0.03385832889255715, 0.5955444174406396]], [[0.5353700814097946, -0.10948931997531974, 0.8374908744234842, -0.5901643953695572], [0.1291242654309484, 0.9905162567700285, 0.04695177473972033, -0.06490514380479258], [-0.8346890439008937, 0.08300381850031664, 0.5444304970390422, 0.4768965258415202]]], "world_camera_id": 0}