{"Pts": [[-0.15073600161207482, 0.04605034990077194, 0.7992441702023477], [-0.1502149139477666, 0.011425080376784207, 0.8047485664998937], [-0.15094237848421335, -0.02383019937402739, 0.8069285628925222], [-0.15996970499818425, -0.023957675693251173, 0.8072890411703265], [-0.15855471694455983, 0.006319236697318504, 0.8228677342592563], [-0.15889844466981415, 0.038807879123730335, 0.827109205601906], [-0.13736498623303428, -0.03377408581171943, 0.8064935887735417], [-0.13546880615886497, -0.046870195808357135, 0.7950004476829505], [-0.14511984684535126, -0.0688018798070427, 0.8004513053362328], [-0.16695655149277083, -0.06654693957197838, 0.8001719173900057], [-0.17123302732211618, -0.04506631924076077, 0.7940394473912985], [-0.1665555922322704, -0.031477021878794725, 0.8059442780356262], [-0.15478766488570608, -0.07253680607918105, 0.8041616061674676], [-0.1550905358153207, -0.08859722130744019, 0.8074990517265773], [-0.18738984250337962, 0.06237564467925304, 0.6364043733174788], [-0.19383032197047553, 0.033839644872263826, 0.6229463243542626], [-0.20288475601567366, 0.008670855307698786, 0.609676170134333], [-0.21512523137915082, 0.0072816561242240235, 0.6189131056702367], [-0.21657661386430613, 0.03562350374451451, 0.6156430709836122], [-0.2193325503001763, 0.07031839144496807, 0.6117816673631934], [-0.19246489293091712, 0.002930045465810186, 0.5976278932633314], [-0.19631792028193812, -0.015524858440750558, 0.5968118819659484], [-0.19949636941241963, -0.042564273092498627, 0.6002312150884503], [-0.21585120907050998, -0.04498475197494656, 0.6155416454456024], [-0.22340966274192586, -0.01781859270447599, 0.6257289241252415], [-0.20924335266257277, 0.0027517303632319423, 0.6303092060670128], [-0.20484324841010507, -0.04966967793538642, 0.6086323610384754], [-0.20097039764720973, -0.06547844271872238, 0.6155039744817176]], "Ms": [[[1.0, 0.0, 0.0, 0.0], [0.0, 1.0, 0.0, 0.0], [0.0, 0.0, 1.0, 0.0]], [[-0.04442386488288922, 0.11317251898236855, -0.9925817352621659, 0.7126603759421036], [-0.08910045431081182, 0.9891541824473351, 0.1167694839782689, -0.07998915594569932], [0.9950314714974967, 0.09362683533116824, -0.03385832889255715, 0.5955444174406396]], [[0.5353700814097946, -0.10948931997531974, 0.8374908744234842, -0.5901643953695572], [0.1291242654309484, 0.9905162567700285, 0.04695177473972033, -0.06490514380479258], [-0.8346890439008937, 0.08300381850031664, 0.5444304970390422, 0.4768965258415202]]], "world_camera_id": 0}