{"Pts": [[-0.15189682778432373, 0.04334188244838094, 0.7967058275418296], [-0.14974040785681958, 0.012548765681012533, 0.7813448221975416], [-0.15228148358236931, -0.018249319408006472, 0.7664849011033897], [-0.1648383221435185, -0.017467538114453698, 0.7686146177052126], [-0.1619989951758984, 0.016863698191572882, 0.7625544246670871], [-0.15804056574250455, 0.05053003758070682, 0.7548208241995892], [-0.1419092398795755, -0.025655486135807846, 0.7690473051292595], [-0.13883067284028736, -0.03741426280737404, 0.7608125199030863], [-0.1469815903380892, -0.060019247383903004, 0.7594887208338996], [-0.1666045886894441, -0.05957709914029851, 0.7622018322851556], [-0.17603436635035177, -0.036646682469701514, 0.7644892789711286], [-0.16901708993773593, -0.02458900786577131, 0.7712404467651397], [-0.15782509228267985, -0.06757487601299023, 0.7626727809222594], [-0.15780212474351263, -0.08502065734474758, 0.7641597066077463]], "Ms": [[[1.0, 0.0, 0.0, 0.0], [0.0, 1.0, 0.0, 0.0], [0.0, 0.0, 1.0, 0.0]], [[-0.04442386488288922, 0.11317251898236855, -0.9925817352621659, 0.7126603759421036], [-0.08910045431081182, 0.9891541824473351, 0.1167694839782689, -0.07998915594569932], [0.9950314714974967, 0.09362683533116824, -0.03385832889255715, 0.5955444174406396]], [[0.5353700814097946, -0.10948931997531974, 0.8374908744234842, -0.5901643953695572], [0.1291242654309484, 0.9905162567700285, 0.04695177473972033, -0.06490514380479258], [-0.8346890439008937, 0.08300381850031664, 0.5444304970390422, 0.4768965258415202]]], "world_camera_id": 0}