{"Pts": [[-0.13543912289529783, 0.052524902868535416, 0.7219185446913876], [-0.12689971450643156, 0.02290784383606131, 0.7250884193874209], [-0.12207349584267017, -0.007457614771374751, 0.728639951243062], [-0.1371793164602622, -0.009291752555262423, 0.7390876109711811], [-0.13132433189590118, 0.018251195084510983, 0.7508726931219079], [-0.12361390746814087, 0.05009643062459214, 0.7608784248727356], [-0.11523222801371139, -0.01697332687826242, 0.739097406851402], [-0.11569775565568298, -0.03498887948960589, 0.7306432237787109], [-0.11554341420973584, -0.061545663485621564, 0.7230254772503887], [-0.14006675360413368, -0.06100050730164116, 0.7307912294060959], [-0.14340616230065595, -0.034856023917671855, 0.7380044573886484], [-0.14324075345159515, -0.014831320627985367, 0.7426551178574625], [-0.12793236102798092, -0.06775886252039892, 0.7287899343741476], [-0.12609897590898528, -0.08688368007009538, 0.7304859639597291]], "Ms": [[[1.0, 0.0, 0.0, 0.0], [0.0, 1.0, 0.0, 0.0], [0.0, 0.0, 1.0, 0.0]], [[-0.04442386488288922, 0.11317251898236855, -0.9925817352621659, 0.7126603759421036], [-0.08910045431081182, 0.9891541824473351, 0.1167694839782689, -0.07998915594569932], [0.9950314714974967, 0.09362683533116824, -0.03385832889255715, 0.5955444174406396]], [[0.5353700814097946, -0.10948931997531974, 0.8374908744234842, -0.5901643953695572], [0.1291242654309484, 0.9905162567700285, 0.04695177473972033, -0.06490514380479258], [-0.8346890439008937, 0.08300381850031664, 0.5444304970390422, 0.4768965258415202]]], "world_camera_id": 0}