{"Pts": [[-0.1502030678924719, 0.04396387809293087, 0.7997964749037937], [-0.15051877543671094, 0.012005825819379362, 0.8058064776543391], [-0.15180167068305195, -0.02362879352597056, 0.8116695071863828], [-0.16085545115436609, -0.023762372190184816, 0.8119137609144181], [-0.1573669212759281, 0.007262921352799476, 0.8279426153367204], [-0.15947770382793622, 0.03610997340019855, 0.8437400964656627], [-0.13992935131233766, -0.036562932551538384, 0.8097863950765494], [-0.13633651864968124, -0.0459839083220083, 0.8000408661491428], [-0.14652199336441835, -0.06967626541497296, 0.808832994588049], [-0.16494835795295232, -0.06696704718614303, 0.8087614170344768], [-0.17386710164212085, -0.045821158927709875, 0.8072369290404984], [-0.1682616637230424, -0.031764366676606585, 0.8148862138286906], [-0.15628062034658144, -0.072870900416167, 0.8123585733471875], [-0.1565342742790041, -0.08942566374503576, 0.8155776783396693], [-0.18671225215753928, 0.06409189626976725, 0.6422541533575992], [-0.18861087704390472, 0.03521407034326687, 0.6297192923917042], [-0.1981937040422941, 0.00960033949294984, 0.6170739153349002], [-0.2103536680759791, 0.007834800291022374, 0.6252473041688477], [-0.21318658214005876, 0.03633644471994563, 0.6215602532989798], [-0.21732396226067932, 0.06797055808140125, 0.6134932469665569], [-0.18652532519814485, 0.00041767214486771446, 0.6031502534693829], [-0.19099382242791207, -0.018183439918605368, 0.6026428345616116], [-0.19352600052732877, -0.04268336284122368, 0.607066716258229], [-0.20908382368480938, -0.04389828397406901, 0.6202275349847067], [-0.2160750105123497, -0.014506317703556022, 0.6287755560574877], [-0.20024705895959702, 0.004024168824304148, 0.6293961058439541], [-0.19683850558759863, -0.04975394455563929, 0.6138461021337231], [-0.1943944217323944, -0.06581667373602808, 0.6213611590740531]], "Ms": [[[1.0, 0.0, 0.0, 0.0], [0.0, 1.0, 0.0, 0.0], [0.0, 0.0, 1.0, 0.0]], [[-0.04442386488288922, 0.11317251898236855, -0.9925817352621659, 0.7126603759421036], [-0.08910045431081182, 0.9891541824473351, 0.1167694839782689, -0.07998915594569932], [0.9950314714974967, 0.09362683533116824, -0.03385832889255715, 0.5955444174406396]], [[0.5353700814097946, -0.10948931997531974, 0.8374908744234842, -0.5901643953695572], [0.1291242654309484, 0.9905162567700285, 0.04695177473972033, -0.06490514380479258], [-0.8346890439008937, 0.08300381850031664, 0.5444304970390422, 0.4768965258415202]]], "world_camera_id": 0}