{"Pts": [[-0.14688850796636174, 0.031214520975978065, 0.8815839656556703], [-0.1470199005783284, 0.00021668973157994736, 0.8682542281333866], [-0.15064767699121695, -0.029693869905357127, 0.8541693894793542], [-0.16034570777811966, -0.0289129180001587, 0.8535467736495325], [-0.16044552310240387, 0.005642708094190825, 0.8502356963651543], [-0.1546888890066672, 0.038263496846353724, 0.8462992472055532], [-0.13813214554474715, -0.04224855423287871, 0.8488410875782438], [-0.1348878065519885, -0.05272400914981415, 0.8411431352489701], [-0.14543862952285522, -0.07125110331881102, 0.8484427405167173], [-0.16662559433975563, -0.07095257889074151, 0.848280607551257], [-0.1723855123103103, -0.04788285410373233, 0.8481443113874035], [-0.16617670093798076, -0.033191498789002634, 0.8540492463217373], [-0.15754876084741223, -0.07656469981296639, 0.8518675908153375], [-0.1582788311175262, -0.09347400726953603, 0.8574618164938063], [-0.1877431224346667, 0.06503683964727257, 0.6446502668646541], [-0.1762998014063907, 0.03292992013901498, 0.6427369188481706], [-0.16959944484109396, 0.004444128203756252, 0.6428343591740332], [-0.1817100979688515, 0.003067798276153111, 0.6559201687953522], [-0.1749870778821168, 0.028674906915792688, 0.667706821743834], [-0.162693747851177, 0.0589569568790357, 0.6811322691778582], [-0.1550825268655143, -0.00806393790394122, 0.6647633165582938], [-0.16137419813521137, -0.02175210809129739, 0.6479010616455766], [-0.16582913716315165, -0.0507900811423855, 0.6400627617614528], [-0.1837139813498453, -0.04967274450140796, 0.6463385018161515], [-0.19020222318807792, -0.023092058199923843, 0.6506332644857372], [-0.1878948059195597, -0.0029797233148755216, 0.655896174756289], [-0.17312949012553347, -0.055884428302518635, 0.6460319615245796], [-0.17073980824844331, -0.07403260857819231, 0.6502147318805547]], "Ms": [[[1.0, 0.0, 0.0, 0.0], [0.0, 1.0, 0.0, 0.0], [0.0, 0.0, 1.0, 0.0]], [[-0.04442386488288922, 0.11317251898236855, -0.9925817352621659, 0.7126603759421036], [-0.08910045431081182, 0.9891541824473351, 0.1167694839782689, -0.07998915594569932], [0.9950314714974967, 0.09362683533116824, -0.03385832889255715, 0.5955444174406396]], [[0.5353700814097946, -0.10948931997531974, 0.8374908744234842, -0.5901643953695572], [0.1291242654309484, 0.9905162567700285, 0.04695177473972033, -0.06490514380479258], [-0.8346890439008937, 0.08300381850031664, 0.5444304970390422, 0.4768965258415202]]], "world_camera_id": 0}