{"Pts": [[-0.13620413121737043, 0.056795879814739894, 0.7210924164350027], [-0.13182382772924353, 0.023973765186459356, 0.7179211993951489], [-0.1320025916229418, -0.007053038246587856, 0.7167234249686408], [-0.14151567374613214, -0.009357878301307809, 0.7231633635367393], [-0.13844721931014461, 0.0170017666819478, 0.7360873472325438], [-0.13967956149198302, 0.04896566360732568, 0.7323816413236351], [-0.11913286306157031, -0.0185161908631048, 0.7315097275228822], [-0.12181011954814341, -0.03382589728379286, 0.716199779114485], [-0.12585945667328, -0.06021845755336126, 0.705866539579436], [-0.14832322277864543, -0.05964768643426213, 0.7133829376470031], [-0.15569230080279067, -0.03222291205677599, 0.7141990873413692], [-0.15758445952902436, -0.010816107389433463, 0.720798095107741], [-0.13794810813999792, -0.06621989256864728, 0.7110213690654719], [-0.1344632879207949, -0.08564972535302977, 0.712505677848093]], "Ms": [[[1.0, 0.0, 0.0, 0.0], [0.0, 1.0, 0.0, 0.0], [0.0, 0.0, 1.0, 0.0]], [[-0.04442386488288922, 0.11317251898236855, -0.9925817352621659, 0.7126603759421036], [-0.08910045431081182, 0.9891541824473351, 0.1167694839782689, -0.07998915594569932], [0.9950314714974967, 0.09362683533116824, -0.03385832889255715, 0.5955444174406396]], [[0.5353700814097946, -0.10948931997531974, 0.8374908744234842, -0.5901643953695572], [0.1291242654309484, 0.9905162567700285, 0.04695177473972033, -0.06490514380479258], [-0.8346890439008937, 0.08300381850031664, 0.5444304970390422, 0.4768965258415202]]], "world_camera_id": 0}