{"Pts": [[-0.13604649379265218, 0.0536830534083269, 0.7197256354878421], [-0.13118816322744345, 0.021157245867203085, 0.7134421648739202], [-0.13708578160879617, -0.0028187051076458865, 0.7073372870146485], [-0.14786206975960192, -0.0034526714493266163, 0.7050991104632894], [-0.14900994540107756, 0.01884566583932284, 0.7115858645859998], [-0.15685775041014313, 0.04905205532037928, 0.6901276136591066], [-0.1202764501865793, -0.010257147931935521, 0.6983492849539554], [-0.12579494187577983, -0.03359835776815818, 0.6942135098485346], [-0.13148241891076748, -0.057629226823436325, 0.692150575005636], [-0.153953411865288, -0.05781058153696744, 0.7012457451961286], [-0.16097795817253843, -0.029776497872743998, 0.7072046426372812], [-0.16394198299386553, -0.00835863940510465, 0.7100515890665325], [-0.14367687655031983, -0.06425240593566581, 0.6986278051331504], [-0.14011232726970324, -0.08330565829618551, 0.6990813974099941]], "Ms": [[[1.0, 0.0, 0.0, 0.0], [0.0, 1.0, 0.0, 0.0], [0.0, 0.0, 1.0, 0.0]], [[-0.04442386488288922, 0.11317251898236855, -0.9925817352621659, 0.7126603759421036], [-0.08910045431081182, 0.9891541824473351, 0.1167694839782689, -0.07998915594569932], [0.9950314714974967, 0.09362683533116824, -0.03385832889255715, 0.5955444174406396]], [[0.5353700814097946, -0.10948931997531974, 0.8374908744234842, -0.5901643953695572], [0.1291242654309484, 0.9905162567700285, 0.04695177473972033, -0.06490514380479258], [-0.8346890439008937, 0.08300381850031664, 0.5444304970390422, 0.4768965258415202]]], "world_camera_id": 0}