{"Pts": [[0.15162011348067947, 0.05455348945153551, 0.6472308380922646], [0.15225521786886118, 0.022120720798841892, 0.6437748319231443], [0.1500312405053034, -0.014028842103755539, 0.6402635834394438], [0.14369494932940055, -0.015706990948951564, 0.651172955906693], [0.14702483860274648, 0.019659523411431873, 0.6596817135786719], [0.14803461040874402, 0.05409902438658774, 0.6629309219226167], [0.17050665045861108, -0.03686899884030591, 0.6350309124965848], [0.15736464492006846, -0.032593353714514973, 0.6286315709911762], [0.14788257582753367, -0.05609733994198534, 0.6311627420513776], [0.13770705177747264, -0.057302632299342834, 0.6509337029998171], [0.14788136620457182, -0.038163149982955065, 0.6568493147936715], [0.15790428003740806, -0.03974473073497021, 0.6485810804414643], [0.144354780854007, -0.06410028007397421, 0.6409915945882504], [0.14856680229582167, -0.08194542174153874, 0.6402908588874157]], "Ms": [[[1.0, 0.0, 0.0, 0.0], [0.0, 1.0, 0.0, 0.0], [0.0, 0.0, 1.0, 0.0]], [[-0.04442386488288922, 0.11317251898236855, -0.9925817352621659, 0.7126603759421036], [-0.08910045431081182, 0.9891541824473351, 0.1167694839782689, -0.07998915594569932], [0.9950314714974967, 0.09362683533116824, -0.03385832889255715, 0.5955444174406396]], [[0.5353700814097946, -0.10948931997531974, 0.8374908744234842, -0.5901643953695572], [0.1291242654309484, 0.9905162567700285, 0.04695177473972033, -0.06490514380479258], [-0.8346890439008937, 0.08300381850031664, 0.5444304970390422, 0.4768965258415202]]], "world_camera_id": 0}