{"Pts": [[-0.14969832972296615, 0.03293281335929967, 0.8877130318294247], [-0.14752331377833594, 0.00019296382457246382, 0.8738054033805354], [-0.15147632081126228, -0.030274666335463826, 0.8595849946056245], [-0.16120635896317476, -0.02948728722630567, 0.8588158657179259], [-0.16081039646007553, 0.004573841438476086, 0.8536922460220325], [-0.15488947451972362, 0.03894052321919884, 0.8464087620098909], [-0.1389374558933146, -0.042835886551469, 0.8544451190260239], [-0.1341199734550951, -0.052259188828293085, 0.8493277880502401], [-0.146299611277467, -0.07182480397782101, 0.85388909908406], [-0.16402351080597313, -0.07171440878877293, 0.8553380783699488], [-0.17337794142703425, -0.04776673749626983, 0.8533138373502966], [-0.16875717816770255, -0.03373586211646513, 0.857802466474053], [-0.15469490996080426, -0.07778954240190977, 0.8581487559109942], [-0.15367423750481093, -0.0932545025377657, 0.8645422089845252], [-0.18515574963623962, 0.06479295705811858, 0.6466703480124444], [-0.17471896868178607, 0.03416826910250708, 0.6464492422438881], [-0.16767311368689997, 0.004965481388888459, 0.6463407961867167], [-0.17997851909044937, 0.0034992897770717833, 0.6603110742432818], [-0.1729424874043039, 0.028639470315282863, 0.6720666695355646], [-0.15971861337219412, 0.059495857281259744, 0.6807853562339364], [-0.15195300519054655, -0.007830034083079303, 0.664219082881304], [-0.15909841734888244, -0.02125338405068954, 0.6504216685469799], [-0.1636199215753674, -0.04920064010590974, 0.6426192949644903], [-0.1831090236565157, -0.048668614385491284, 0.6546032156235052], [-0.1895368968173049, -0.02187484788348676, 0.6579740385651516], [-0.18740983924585258, -0.002011846570011559, 0.6620327334160158], [-0.17128080349975117, -0.056358926791190145, 0.6502860265945549], [-0.16859338474384314, -0.07388560935066098, 0.6535469209067559]], "Ms": [[[1.0, 0.0, 0.0, 0.0], [0.0, 1.0, 0.0, 0.0], [0.0, 0.0, 1.0, 0.0]], [[-0.04442386488288922, 0.11317251898236855, -0.9925817352621659, 0.7126603759421036], [-0.08910045431081182, 0.9891541824473351, 0.1167694839782689, -0.07998915594569932], [0.9950314714974967, 0.09362683533116824, -0.03385832889255715, 0.5955444174406396]], [[0.5353700814097946, -0.10948931997531974, 0.8374908744234842, -0.5901643953695572], [0.1291242654309484, 0.9905162567700285, 0.04695177473972033, -0.06490514380479258], [-0.8346890439008937, 0.08300381850031664, 0.5444304970390422, 0.4768965258415202]]], "world_camera_id": 0}