{"Pts": [[-0.13875204601975558, 0.05410392090742293, 0.7046408693852613], [-0.14201348554524776, 0.02187426876828665, 0.6938250749078593], [-0.1487901511728885, -0.0015020187660666788, 0.6783270159954865], [-0.16162804315626694, -0.0030280561657012196, 0.6869702151940245], [-0.1634706721195629, 0.025653233315615236, 0.6873537311719876], [-0.1605871065824531, 0.061493893946431295, 0.6826578258038513], [-0.1440899458213757, -0.005783645904770718, 0.6648001021176291], [-0.14605318221727673, -0.027078422744812012, 0.6671092144659327], [-0.1472154756053082, -0.054465454961901805, 0.6692455901715846], [-0.16429345862284564, -0.055093738476976066, 0.6834224650353651], [-0.16988667180809897, -0.033025425409214465, 0.6963064363143526], [-0.1681718918913832, -0.017686890182151027, 0.7091932878332231], [-0.15689880187666724, -0.06010709934235666, 0.6789446762252223], [-0.15397231570967426, -0.07827975916997498, 0.6823153202084535]], "Ms": [[[1.0, 0.0, 0.0, 0.0], [0.0, 1.0, 0.0, 0.0], [0.0, 0.0, 1.0, 0.0]], [[-0.04442386488288922, 0.11317251898236855, -0.9925817352621659, 0.7126603759421036], [-0.08910045431081182, 0.9891541824473351, 0.1167694839782689, -0.07998915594569932], [0.9950314714974967, 0.09362683533116824, -0.03385832889255715, 0.5955444174406396]], [[0.5353700814097946, -0.10948931997531974, 0.8374908744234842, -0.5901643953695572], [0.1291242654309484, 0.9905162567700285, 0.04695177473972033, -0.06490514380479258], [-0.8346890439008937, 0.08300381850031664, 0.5444304970390422, 0.4768965258415202]]], "world_camera_id": 0}