{"Pts": [[-0.14964773838715623, 0.04512245561313503, 0.7677734081921803], [-0.14782468183052144, 0.012259278355869178, 0.7705610793037478], [-0.15168721249213704, -0.016552605642442784, 0.7540034521780504], [-0.16429477305124504, -0.016322907234198093, 0.7565208972324169], [-0.16104018593974068, 0.01669122377205558, 0.7577447109938609], [-0.1569267108345612, 0.05094518806889925, 0.7541764380938888], [-0.14179260645565556, -0.025559674852181937, 0.7562421179466507], [-0.14019189228411236, -0.036771266520656404, 0.7478741816313856], [-0.149382718518706, -0.06035719990288343, 0.744695168720607], [-0.1675608704487799, -0.05931920150937394, 0.7501013275009384], [-0.17432037113316123, -0.03896043378059709, 0.7552461589411377], [-0.1711827509109467, -0.025675315295203997, 0.763601298521804], [-0.16057972397750628, -0.0662311242781724, 0.7503678795528262], [-0.1605243325348494, -0.08463050687206865, 0.7526809045897295]], "Ms": [[[1.0, 0.0, 0.0, 0.0], [0.0, 1.0, 0.0, 0.0], [0.0, 0.0, 1.0, 0.0]], [[-0.04442386488288922, 0.11317251898236855, -0.9925817352621659, 0.7126603759421036], [-0.08910045431081182, 0.9891541824473351, 0.1167694839782689, -0.07998915594569932], [0.9950314714974967, 0.09362683533116824, -0.03385832889255715, 0.5955444174406396]], [[0.5353700814097946, -0.10948931997531974, 0.8374908744234842, -0.5901643953695572], [0.1291242654309484, 0.9905162567700285, 0.04695177473972033, -0.06490514380479258], [-0.8346890439008937, 0.08300381850031664, 0.5444304970390422, 0.4768965258415202]]], "world_camera_id": 0}