{"Pts": [[-0.14644947834569363, 0.0432760265081265, 0.7514939180525473], [-0.146759600674693, 0.011399963166831003, 0.7654750340945078], [-0.1521955052171136, -0.015982523981005997, 0.7472307317895925], [-0.16359372271643716, -0.015935056045357058, 0.7528071904843762], [-0.16110215290705865, 0.018183374343038718, 0.7561350767282009], [-0.15692671096461802, 0.050945188398452766, 0.754176438105658], [-0.14688534137106224, -0.02459543637824319, 0.7561383975404417], [-0.14478251466104944, -0.03685618183800059, 0.7457123001478739], [-0.14996893959474672, -0.06027493929849225, 0.7388583635743264], [-0.17019827019699624, -0.05842828821887033, 0.7464030969351145], [-0.17356260336400722, -0.038583326650923615, 0.7516412765245905], [-0.17111925447961776, -0.02492717335787213, 0.7628062230334742], [-0.15983406449137622, -0.06585136360357267, 0.7466464797891328], [-0.1595992809480651, -0.08416281637634351, 0.7480601884882149]], "Ms": [[[1.0, 0.0, 0.0, 0.0], [0.0, 1.0, 0.0, 0.0], [0.0, 0.0, 1.0, 0.0]], [[-0.04442386488288922, 0.11317251898236855, -0.9925817352621659, 0.7126603759421036], [-0.08910045431081182, 0.9891541824473351, 0.1167694839782689, -0.07998915594569932], [0.9950314714974967, 0.09362683533116824, -0.03385832889255715, 0.5955444174406396]], [[0.5353700814097946, -0.10948931997531974, 0.8374908744234842, -0.5901643953695572], [0.1291242654309484, 0.9905162567700285, 0.04695177473972033, -0.06490514380479258], [-0.8346890439008937, 0.08300381850031664, 0.5444304970390422, 0.4768965258415202]]], "world_camera_id": 0}