{"Pts": [[-0.14173245499004908, 0.035309420813650606, 0.8517878178079157], [-0.1453508151707138, -0.0017028742557522723, 0.8595503489798009], [-0.1510846094604445, -0.029242454291967625, 0.8436427716459249], [-0.1625437586782895, -0.02854542688264308, 0.842803092581576], [-0.15944044018232534, 0.003985733748444322, 0.8463549660390677], [-0.15477559961144452, 0.039035947414625446, 0.8454937479019669], [-0.14076263889184595, -0.0425241418633768, 0.8393880709812902], [-0.13680440522990994, -0.051993348510176646, 0.8279587936868267], [-0.14716348662027495, -0.0717931120104794, 0.8354148036783138], [-0.16870252101483152, -0.06993097051849177, 0.8387434951421567], [-0.17753764672012748, -0.04882843994245072, 0.843155625030986], [-0.16909047654550757, -0.03444398750470308, 0.8476201487012314], [-0.15763428949231403, -0.07647960491711923, 0.8415980553747866], [-0.15657502182266636, -0.09358457988877848, 0.8486361089364883], [-0.18807086740583914, 0.06559386926263584, 0.6448972020108235], [-0.18006165720152012, 0.031890916221781855, 0.6415824178665693], [-0.1770728308322292, 0.004215519881526034, 0.6380208777233449], [-0.18810095151322365, 0.0025989253425959965, 0.6471333980236827], [-0.18152092032417874, 0.027139651891858393, 0.6592884142697851], [-0.17345629200249257, 0.06301913223085802, 0.6594687136298067], [-0.16013723120460494, -0.007938874080222588, 0.6530611665289278], [-0.166256002420532, -0.021528830707331595, 0.6374916126579171], [-0.17223322883109402, -0.04983480199306866, 0.6312888005437844], [-0.19170257275083472, -0.04880935828809368, 0.6384183174251421], [-0.19893088647865023, -0.023342666588829917, 0.6394426752725775], [-0.20209647520288795, -0.0026722570414555984, 0.6500700196378744], [-0.17773993766301743, -0.05476382678552452, 0.6360206994349623], [-0.17566382414714626, -0.07173436613935033, 0.6403610323817425]], "Ms": [[[1.0, 0.0, 0.0, 0.0], [0.0, 1.0, 0.0, 0.0], [0.0, 0.0, 1.0, 0.0]], [[-0.04442386488288922, 0.11317251898236855, -0.9925817352621659, 0.7126603759421036], [-0.08910045431081182, 0.9891541824473351, 0.1167694839782689, -0.07998915594569932], [0.9950314714974967, 0.09362683533116824, -0.03385832889255715, 0.5955444174406396]], [[0.5353700814097946, -0.10948931997531974, 0.8374908744234842, -0.5901643953695572], [0.1291242654309484, 0.9905162567700285, 0.04695177473972033, -0.06490514380479258], [-0.8346890439008937, 0.08300381850031664, 0.5444304970390422, 0.4768965258415202]]], "world_camera_id": 0}