{"Pts": [[-0.15188740200540388, 0.057446538162183584, 0.6939252876601232], [-0.15499807624255477, 0.026680807172652053, 0.6818245198331789], [-0.15958469654486696, -0.00520920397098374, 0.6708210295197892], [-0.17467419263984865, -0.006226741382988486, 0.6704404046782368], [-0.17094552324724083, 0.026820063585954214, 0.6699351880884655], [-0.16647539722961266, 0.0623325874298663, 0.6614791643356952], [-0.15675163195277575, -0.020810983087490506, 0.6804293852972226], [-0.15076530994611148, -0.02716355422287814, 0.6696798220250111], [-0.1536021350725989, -0.04849118172080802, 0.6630413302900596], [-0.1755284631653702, -0.04728074502732924, 0.6653247563810922], [-0.18248759373392384, -0.026769521101567346, 0.6716367188453907], [-0.1778522948504595, -0.02348258792830639, 0.6807783350836766], [-0.1641206962518607, -0.05468718484961731, 0.6633457886238638], [-0.16545269228603168, -0.0718502408101015, 0.6712069829350502]], "Ms": [[[1.0, 0.0, 0.0, 0.0], [0.0, 1.0, 0.0, 0.0], [0.0, 0.0, 1.0, 0.0]], [[-0.04442386488288922, 0.11317251898236855, -0.9925817352621659, 0.7126603759421036], [-0.08910045431081182, 0.9891541824473351, 0.1167694839782689, -0.07998915594569932], [0.9950314714974967, 0.09362683533116824, -0.03385832889255715, 0.5955444174406396]], [[0.5353700814097946, -0.10948931997531974, 0.8374908744234842, -0.5901643953695572], [0.1291242654309484, 0.9905162567700285, 0.04695177473972033, -0.06490514380479258], [-0.8346890439008937, 0.08300381850031664, 0.5444304970390422, 0.4768965258415202]]], "world_camera_id": 0}