{"Pts": [[-0.15650256183154623, 0.05849881908885515, 0.708608563428186], [-0.1554995530138422, 0.024578306371201213, 0.7144642758762594], [-0.15460141055122964, -0.012157530041097528, 0.7154799575783146], [-0.16378056226729976, -0.011841506264682028, 0.7122782249136264], [-0.16326023759976155, 0.018431706460646017, 0.7321135757003173], [-0.16258417034619427, 0.04873421528124601, 0.7356825802898287], [-0.1493641174785157, -0.02671224808828062, 0.7233460568359807], [-0.14568858960835912, -0.03358986278368767, 0.715217355013973], [-0.14932513128485228, -0.05624534578509925, 0.7099073109692948], [-0.1687554566240716, -0.05514431272742315, 0.709474940434455], [-0.17472970183788794, -0.03199318960482873, 0.7116848576726467], [-0.17356543615503237, -0.0277816195812627, 0.7245176318602349], [-0.16028660828649335, -0.06239813801571921, 0.7089508882177394], [-0.1586052989284979, -0.07954505647475622, 0.710596947350079]], "Ms": [[[1.0, 0.0, 0.0, 0.0], [0.0, 1.0, 0.0, 0.0], [0.0, 0.0, 1.0, 0.0]], [[-0.04442386488288922, 0.11317251898236855, -0.9925817352621659, 0.7126603759421036], [-0.08910045431081182, 0.9891541824473351, 0.1167694839782689, -0.07998915594569932], [0.9950314714974967, 0.09362683533116824, -0.03385832889255715, 0.5955444174406396]], [[0.5353700814097946, -0.10948931997531974, 0.8374908744234842, -0.5901643953695572], [0.1291242654309484, 0.9905162567700285, 0.04695177473972033, -0.06490514380479258], [-0.8346890439008937, 0.08300381850031664, 0.5444304970390422, 0.4768965258415202]]], "world_camera_id": 0}