{"Pts": [[-0.13568873769145215, 0.05431195906548531, 0.7196254148877291], [-0.13199202737901714, 0.024207137216261373, 0.7160876399200582], [-0.12873742563115018, -0.006814449822144663, 0.7165754700653685], [-0.14006619095487563, -0.010092918128413777, 0.7249898845533762], [-0.13395963226435653, 0.017285364650746347, 0.7391442447267924], [-0.13021617300141675, 0.05114991480012833, 0.747263621499112], [-0.11623871388245036, -0.018629815589903856, 0.7346305227101071], [-0.11899242943751433, -0.034025779377108774, 0.7192046376508868], [-0.12311071668908272, -0.06055315215462351, 0.7087718608410265], [-0.145788656405844, -0.06006549958733057, 0.7171547578672454], [-0.14802724059011255, -0.03220123009675385, 0.7167116733158755], [-0.1517137009027743, -0.011167852694193244, 0.7235013283958575], [-0.13539216690444264, -0.06668246621187321, 0.714874057903061], [-0.13336054344190318, -0.08603947794318322, 0.7154462918692273]], "Ms": [[[1.0, 0.0, 0.0, 0.0], [0.0, 1.0, 0.0, 0.0], [0.0, 0.0, 1.0, 0.0]], [[-0.04442386488288922, 0.11317251898236855, -0.9925817352621659, 0.7126603759421036], [-0.08910045431081182, 0.9891541824473351, 0.1167694839782689, -0.07998915594569932], [0.9950314714974967, 0.09362683533116824, -0.03385832889255715, 0.5955444174406396]], [[0.5353700814097946, -0.10948931997531974, 0.8374908744234842, -0.5901643953695572], [0.1291242654309484, 0.9905162567700285, 0.04695177473972033, -0.06490514380479258], [-0.8346890439008937, 0.08300381850031664, 0.5444304970390422, 0.4768965258415202]]], "world_camera_id": 0}