{"Pts": [[-0.14507396323620725, 0.057936314347396545, 0.6809854358136723], [-0.14530578707861766, 0.02131051828698121, 0.6869928202971779], [-0.15209567758317255, -0.001236381673002916, 0.6718875947844591], [-0.16315851103998702, -0.002096982719229076, 0.6804280831614129], [-0.1635333881899692, 0.025142858656819946, 0.6831688829418718], [-0.1626051067697521, 0.059398669300401906, 0.6829326971675337], [-0.14395758320795218, -0.006035866481406556, 0.658469277840805], [-0.145175301289713, -0.026889927583258297, 0.656761451557165], [-0.1515306923006782, -0.05359314917571676, 0.6611366550859413], [-0.16751742475795495, -0.05443287203936893, 0.6772888786829337], [-0.17321767195843207, -0.03254217097527427, 0.6901669894705535], [-0.1721995426679215, -0.014807592465986359, 0.7034327420720806], [-0.16011836702503307, -0.05939776770341754, 0.6727185700484083], [-0.15859222355017807, -0.07727802807456989, 0.6753000767336935]], "Ms": [[[1.0, 0.0, 0.0, 0.0], [0.0, 1.0, 0.0, 0.0], [0.0, 0.0, 1.0, 0.0]], [[-0.04442386488288922, 0.11317251898236855, -0.9925817352621659, 0.7126603759421036], [-0.08910045431081182, 0.9891541824473351, 0.1167694839782689, -0.07998915594569932], [0.9950314714974967, 0.09362683533116824, -0.03385832889255715, 0.5955444174406396]], [[0.5353700814097946, -0.10948931997531974, 0.8374908744234842, -0.5901643953695572], [0.1291242654309484, 0.9905162567700285, 0.04695177473972033, -0.06490514380479258], [-0.8346890439008937, 0.08300381850031664, 0.5444304970390422, 0.4768965258415202]]], "world_camera_id": 0}