{"Pts": [[-0.13951141788894486, 0.05617244604719579, 0.6952973467122852], [-0.14324171317240025, 0.02186800914029128, 0.6919335273579006], [-0.14839443372674468, -0.0013123917624460267, 0.6762862162237091], [-0.16280755507640846, -0.002973752753735503, 0.6851984460239536], [-0.16480651671859725, 0.02482752145912808, 0.6873601787398051], [-0.16055600670956352, 0.060361266160422075, 0.6816259598536164], [-0.14495062522427554, -0.006976693014439169, 0.6626964334477662], [-0.14477612063191905, -0.02785475816846904, 0.6616875014428131], [-0.14792054206414199, -0.05406755004108269, 0.6654146751308547], [-0.16545153937588852, -0.05490481440565573, 0.6816929957855283], [-0.1708580867962995, -0.032800092199203414, 0.6936130434850712], [-0.16919402384954058, -0.017503563571630146, 0.7064595947655341], [-0.1580543624091458, -0.05990265516244722, 0.6771905277644368], [-0.15492012869947677, -0.07792737376199128, 0.6795594304702485]], "Ms": [[[1.0, 0.0, 0.0, 0.0], [0.0, 1.0, 0.0, 0.0], [0.0, 0.0, 1.0, 0.0]], [[-0.04442386488288922, 0.11317251898236855, -0.9925817352621659, 0.7126603759421036], [-0.08910045431081182, 0.9891541824473351, 0.1167694839782689, -0.07998915594569932], [0.9950314714974967, 0.09362683533116824, -0.03385832889255715, 0.5955444174406396]], [[0.5353700814097946, -0.10948931997531974, 0.8374908744234842, -0.5901643953695572], [0.1291242654309484, 0.9905162567700285, 0.04695177473972033, -0.06490514380479258], [-0.8346890439008937, 0.08300381850031664, 0.5444304970390422, 0.4768965258415202]]], "world_camera_id": 0}