{"Pts": [[-0.15020415227582193, 0.03333706461165346, 0.8905386904776459], [-0.15029698927039933, 0.0013066901192291262, 0.885949312627163], [-0.14802340600449196, -0.032033883031112424, 0.8747849293915338], [-0.15974235337825873, -0.031276328279830436, 0.8730404264207235], [-0.16299011034853952, 0.0010620135947113883, 0.8778865112133074], [-0.15970493629453425, 0.02671020079022547, 0.8563359344243994], [-0.13974324444630626, -0.041728077011937786, 0.8721107391308726], [-0.13278447362534582, -0.05332685527494694, 0.8674315662037174], [-0.1429001024748074, -0.07407945983386469, 0.8699879576402058], [-0.1641606426958303, -0.07227475574591484, 0.8671424988183213], [-0.16984966191395975, -0.050077998522837765, 0.8658347821373995], [-0.16749191765235077, -0.036016369343088106, 0.871665848679562], [-0.1531886683482494, -0.08046102439555942, 0.873255780182072], [-0.15390061652062853, -0.09586152743389192, 0.8790038271776486], [-0.17432009195830558, 0.050966212608643306, 0.6560244320348646], [-0.15258125117534282, 0.02364760130623252, 0.6683160711322796], [-0.15950530275142127, 0.0006916236408744627, 0.6635519415102467], [-0.17104137667597305, -0.00041203654852901806, 0.6741971738033499], [-0.1643900442479476, 0.027937174024547352, 0.6812079589141201], [-0.16055600698605957, 0.06036126807471009, 0.6816259635266234], [-0.15176452212621314, -0.005764662068505715, 0.6730973316682075], [-0.1538853259935675, -0.026295570672689256, 0.6615639401048201], [-0.15621681274262403, -0.05242713141399808, 0.6552481157218794], [-0.17324366712939138, -0.05227282483254219, 0.6690384606391816], [-0.17627256090293075, -0.028921960617900675, 0.6760980796341395], [-0.17469762805781744, -0.008632402719409394, 0.6822428809511759], [-0.16438091288030193, -0.05850032351625582, 0.6648732639102194], [-0.16288011085318327, -0.07619811041741884, 0.6674421393380673]], "Ms": [[[1.0, 0.0, 0.0, 0.0], [0.0, 1.0, 0.0, 0.0], [0.0, 0.0, 1.0, 0.0]], [[-0.04442386488288922, 0.11317251898236855, -0.9925817352621659, 0.7126603759421036], [-0.08910045431081182, 0.9891541824473351, 0.1167694839782689, -0.07998915594569932], [0.9950314714974967, 0.09362683533116824, -0.03385832889255715, 0.5955444174406396]], [[0.5353700814097946, -0.10948931997531974, 0.8374908744234842, -0.5901643953695572], [0.1291242654309484, 0.9905162567700285, 0.04695177473972033, -0.06490514380479258], [-0.8346890439008937, 0.08300381850031664, 0.5444304970390422, 0.4768965258415202]]], "world_camera_id": 0}