{"Pts": [[-0.15291495685671483, 0.045052951346749234, 0.7999240557737662], [-0.15002130780419146, 0.00999276000812399, 0.8008398014068623], [-0.150916548867521, -0.022326329685232058, 0.7964410349578981], [-0.15986776608132616, -0.022474183904050073, 0.7970406489001709], [-0.160131348846965, 0.007643975845061541, 0.8112820306965602], [-0.1607885489940957, 0.03698827346853329, 0.7940188340532952], [-0.1410862123794796, -0.032878779012059337, 0.795154531938813], [-0.1348312210780888, -0.044683064650824264, 0.7913143949736708], [-0.14338793263258892, -0.06772520386720952, 0.7901072840377096], [-0.165065986624533, -0.0655337872789479, 0.7904099525965093], [-0.1742418162262388, -0.04557845951097652, 0.781748955647474], [-0.17211959819498654, -0.03223176264489346, 0.7949851609825492], [-0.15283013004287735, -0.07140576015634252, 0.7931921301310947], [-0.15314404882659108, -0.08747984713744499, 0.7966137107958444], [-0.20102640388786075, 0.06849787299025745, 0.6114501583785962], [-0.20186017013845597, 0.0327492264132115, 0.6136057091719362], [-0.21196512485789226, 0.008278372563089697, 0.604143964787157], [-0.222781746246842, 0.007011469695444486, 0.6130518080028742], [-0.2189574463548385, 0.034332553738140946, 0.6118959310353305], [-0.21877486347427177, 0.0716280607792131, 0.6119729198225604], [-0.20104603317567468, 0.0050755791916606875, 0.5903399398923762], [-0.20436249161087006, -0.014564512146749578, 0.588462711870924], [-0.20589572139467616, -0.04119871059612492, 0.5912947956144217], [-0.22269201277632217, -0.04295731979857102, 0.6072590455497483], [-0.23064858593645834, -0.0184839655299237, 0.618237246545452], [-0.20776691322540106, -0.00787767784668645, 0.6193189642573447], [-0.21247268052093685, -0.04893748171146412, 0.6028122367388398], [-0.2086888725098802, -0.06447853432278265, 0.6095033851126404]], "Ms": [[[1.0, 0.0, 0.0, 0.0], [0.0, 1.0, 0.0, 0.0], [0.0, 0.0, 1.0, 0.0]], [[-0.04442386488288922, 0.11317251898236855, -0.9925817352621659, 0.7126603759421036], [-0.08910045431081182, 0.9891541824473351, 0.1167694839782689, -0.07998915594569932], [0.9950314714974967, 0.09362683533116824, -0.03385832889255715, 0.5955444174406396]], [[0.5353700814097946, -0.10948931997531974, 0.8374908744234842, -0.5901643953695572], [0.1291242654309484, 0.9905162567700285, 0.04695177473972033, -0.06490514380479258], [-0.8346890439008937, 0.08300381850031664, 0.5444304970390422, 0.4768965258415202]]], "world_camera_id": 0}