{"Pts": [[-0.13598125788566504, 0.05125293969490828, 0.7139438626550597], [-0.13796236076037113, 0.02207333464380226, 0.6975044342648058], [-0.14521887184530846, -0.0016746501465531043, 0.6838324351369545], [-0.15886297692791354, -0.0020562628146753516, 0.6904445202266114], [-0.1625066467929102, 0.02629644289845265, 0.6893110611993528], [-0.15959234606683628, 0.05976082183809799, 0.6810499466354893], [-0.14086292717884946, -0.006832389257730109, 0.672232682180453], [-0.14226186614435626, -0.028001200981144336, 0.6714003346252172], [-0.14490418741455194, -0.054856569145541385, 0.6728418495649], [-0.16361000740472076, -0.054476794918826274, 0.6871971938094634], [-0.1654996484122216, -0.03074965354949971, 0.6979820436170064], [-0.16208742507928914, -0.017034883648647168, 0.7116216293935355], [-0.1529644685222384, -0.060526207988781625, 0.6822692953228218], [-0.15141422949904282, -0.07868749193809328, 0.6848856658356833]], "Ms": [[[1.0, 0.0, 0.0, 0.0], [0.0, 1.0, 0.0, 0.0], [0.0, 0.0, 1.0, 0.0]], [[-0.04442386488288922, 0.11317251898236855, -0.9925817352621659, 0.7126603759421036], [-0.08910045431081182, 0.9891541824473351, 0.1167694839782689, -0.07998915594569932], [0.9950314714974967, 0.09362683533116824, -0.03385832889255715, 0.5955444174406396]], [[0.5353700814097946, -0.10948931997531974, 0.8374908744234842, -0.5901643953695572], [0.1291242654309484, 0.9905162567700285, 0.04695177473972033, -0.06490514380479258], [-0.8346890439008937, 0.08300381850031664, 0.5444304970390422, 0.4768965258415202]]], "world_camera_id": 0}