{"Pts": [[-0.15128910353945318, 0.05538080675927815, 0.6745263133441834], [-0.14733112850351662, 0.020760891731395788, 0.6820917792385041], [-0.1564018680750726, -0.0010000673121882578, 0.6715457207291808], [-0.16749250275148644, -0.0018937115017446243, 0.6800436446585422], [-0.1646840920713798, 0.026340650350129897, 0.6847726496381259], [-0.1611172518374888, 0.05967162128964293, 0.6827662601582125], [-0.14529565394841032, -0.006058960003301366, 0.6577100059773263], [-0.14807808947214263, -0.02693599864397584, 0.6563196093347704], [-0.15287718584582127, -0.05350411492882235, 0.6604059068435026], [-0.1704951413042675, -0.05435175985801001, 0.6768018728003888], [-0.17600930082697266, -0.03247696527915405, 0.6886593799189615], [-0.17335245086020745, -0.014004584190506545, 0.7008658349038124], [-0.16125278845450017, -0.0591965486964642, 0.6709916297625864], [-0.1599566913421195, -0.07712958980964778, 0.6745523851144914]], "Ms": [[[1.0, 0.0, 0.0, 0.0], [0.0, 1.0, 0.0, 0.0], [0.0, 0.0, 1.0, 0.0]], [[-0.04442386488288922, 0.11317251898236855, -0.9925817352621659, 0.7126603759421036], [-0.08910045431081182, 0.9891541824473351, 0.1167694839782689, -0.07998915594569932], [0.9950314714974967, 0.09362683533116824, -0.03385832889255715, 0.5955444174406396]], [[0.5353700814097946, -0.10948931997531974, 0.8374908744234842, -0.5901643953695572], [0.1291242654309484, 0.9905162567700285, 0.04695177473972033, -0.06490514380479258], [-0.8346890439008937, 0.08300381850031664, 0.5444304970390422, 0.4768965258415202]]], "world_camera_id": 0}