{"Pts": [[-0.13688968870294393, 0.05467919908683438, 0.7195619936756122], [-0.1329377280246706, 0.020882225952307484, 0.7145481897382522], [-0.13275436361594128, -0.0039508046321458205, 0.7099954225491543], [-0.14678599015492935, -0.005542260504990873, 0.7167688035011333], [-0.14495210315264423, 0.016200432503923237, 0.7222873961154256], [-0.1504971900216694, 0.04465804014714118, 0.7012561298335326], [-0.11729121123595285, -0.014038601194768898, 0.7181967270872327], [-0.12159044383635037, -0.032399198046992574, 0.7057063231870228], [-0.12935939104843705, -0.05825932406949134, 0.6980625473439546], [-0.15187541751558167, -0.05892987017556553, 0.7068227160541994], [-0.15973389427009155, -0.03128552500045318, 0.7097631599516117], [-0.16148488487402063, -0.009224687508708642, 0.7145319965594298], [-0.1399079626464284, -0.06545527067391332, 0.7041937581553501], [-0.13788793265152588, -0.08459721826831318, 0.7047622438589967]], "Ms": [[[1.0, 0.0, 0.0, 0.0], [0.0, 1.0, 0.0, 0.0], [0.0, 0.0, 1.0, 0.0]], [[-0.04442386488288922, 0.11317251898236855, -0.9925817352621659, 0.7126603759421036], [-0.08910045431081182, 0.9891541824473351, 0.1167694839782689, -0.07998915594569932], [0.9950314714974967, 0.09362683533116824, -0.03385832889255715, 0.5955444174406396]], [[0.5353700814097946, -0.10948931997531974, 0.8374908744234842, -0.5901643953695572], [0.1291242654309484, 0.9905162567700285, 0.04695177473972033, -0.06490514380479258], [-0.8346890439008937, 0.08300381850031664, 0.5444304970390422, 0.4768965258415202]]], "world_camera_id": 0}