{"Pts": [[0.15162011387314733, 0.054553489157821745, 0.6472308371766491], [0.1522552179914116, 0.02212072058905692, 0.6437748316294617], [0.15003124048338481, -0.014028842143077943, 0.6402635833448784], [0.14369494896350843, -0.015706991099120007, 0.6511729560533497], [0.1466814236593182, 0.01891543282637955, 0.6578598317826393], [0.1476398870401402, 0.05409612417824502, 0.6612781284554028], [0.1704750497153372, -0.03764035498102898, 0.63496433098884], [0.16423444364035392, -0.03320028667254339, 0.6275381081266713], [0.14788257596197402, -0.056097340371680744, 0.6311627416723011], [0.13701711766182442, -0.056971596931623056, 0.6477187493390303], [0.14788136498895169, -0.038163149777184976, 0.6568493153272281], [0.16045449535749615, -0.04439315160553532, 0.6650066380991839], [0.14398683658792844, -0.06392242555503592, 0.6393765876071125], [0.14856680211425238, -0.08194542217047758, 0.6402908590004297], [-0.00592573069049627, 0.024640649323638783, 0.8997950352591192], [-0.012373145640387441, -0.007010260631632969, 0.9064045037634888], [-0.02079973272055392, -0.03472764766177717, 0.9086965110094626], [-0.010476822814025545, -0.03529141262210378, 0.9207118244995807], [-0.014379419520967938, -0.004061330883027936, 0.9278043384071191], [-0.018478230617694498, 0.023398850903061763, 0.9330625758560339], [-0.02234144829682723, -0.03585145237292589, 0.9002884000302176], [-0.02677140244977279, -0.05946126332711866, 0.9018424495402018], [-0.026822016137598763, -0.08731528152772963, 0.9026228449335686], [-0.006299126314097477, -0.08861536849009542, 0.9190612815915143], [-0.004283059097952115, -0.062216169219607764, 0.9199872392088967], [0.006075542504646969, -0.04323052062260391, 0.9091363290125298], [-0.016592802775824585, -0.09355552056664512, 0.9086448397789051], [-0.012430970849262805, -0.11034586178455837, 0.9036609977541133]], "Ms": [[[1.0, 0.0, 0.0, 0.0], [0.0, 1.0, 0.0, 0.0], [0.0, 0.0, 1.0, 0.0]], [[-0.04442386488288922, 0.11317251898236855, -0.9925817352621659, 0.7126603759421036], [-0.08910045431081182, 0.9891541824473351, 0.1167694839782689, -0.07998915594569932], [0.9950314714974967, 0.09362683533116824, -0.03385832889255715, 0.5955444174406396]], [[0.5353700814097946, -0.10948931997531974, 0.8374908744234842, -0.5901643953695572], [0.1291242654309484, 0.9905162567700285, 0.04695177473972033, -0.06490514380479258], [-0.8346890439008937, 0.08300381850031664, 0.5444304970390422, 0.4768965258415202]]], "world_camera_id": 0}