{"Pts": [[-0.13473109686434576, 0.05378246182315892, 0.7217281445612338], [-0.12976243056050946, 0.023544767077196237, 0.7211919041200155], [-0.12415873690977995, -0.006926803020611801, 0.7203784490646468], [-0.13924547153941383, -0.009524424834182265, 0.7319518261278712], [-0.13330983567116245, 0.017176586072687218, 0.7434024632918225], [-0.1272438472134309, 0.04770621697044148, 0.7595907061339563], [-0.10942686037215302, -0.01638532565775292, 0.734731168897677], [-0.11818358719357616, -0.03525888878764668, 0.7253402886362927], [-0.11773572358201957, -0.060774226958004926, 0.7157978430984987], [-0.14029784865264844, -0.06017722638722374, 0.7228897952080505], [-0.14269983265820763, -0.03286289215211724, 0.7242861297530726], [-0.14452794656245868, -0.011919660601286372, 0.7300677720866195], [-0.12989712519833224, -0.06686616369804949, 0.7207373020381325], [-0.1281092240729805, -0.08653896439673747, 0.7223666436150384]], "Ms": [[[1.0, 0.0, 0.0, 0.0], [0.0, 1.0, 0.0, 0.0], [0.0, 0.0, 1.0, 0.0]], [[-0.04442386488288922, 0.11317251898236855, -0.9925817352621659, 0.7126603759421036], [-0.08910045431081182, 0.9891541824473351, 0.1167694839782689, -0.07998915594569932], [0.9950314714974967, 0.09362683533116824, -0.03385832889255715, 0.5955444174406396]], [[0.5353700814097946, -0.10948931997531974, 0.8374908744234842, -0.5901643953695572], [0.1291242654309484, 0.9905162567700285, 0.04695177473972033, -0.06490514380479258], [-0.8346890439008937, 0.08300381850031664, 0.5444304970390422, 0.4768965258415202]]], "world_camera_id": 0}