{"Pts": [[0.15162011392590508, 0.05455348933110555, 0.647230837178499], [0.15225521804258416, 0.022120720762224582, 0.6437748316223375], [0.150031240488162, -0.01402884206826104, 0.6402635833402839], [0.1436949490328055, -0.01570699100347453, 0.6511729559537545], [0.14668142376491464, 0.01891543289423541, 0.6578598316468307], [0.14763988697690245, 0.05409612416612479, 0.661278128407737], [0.1718067996908187, -0.03915263575792058, 0.6346246954730032], [0.16423444367663478, -0.03320028739920387, 0.6275381081369396], [0.14788257592293516, -0.056097340225946396, 0.6311627417085701], [0.1370171175512072, -0.056971597326254515, 0.6477187493216833], [0.1478813650701746, -0.03816315016101342, 0.6568493152461091], [0.1600565017458722, -0.042640289632793094, 0.6635398197553974], [0.14398683645868154, -0.0639224253908576, 0.6393765876957717], [0.14856680192370197, -0.08194542192250058, 0.6402908592003282], [-0.02506877162838672, 0.02133534584342386, 0.9182473312803151], [-0.020262751198231132, -0.010618151714426888, 0.9121365408905295], [-0.027226163204216603, -0.0380132255807839, 0.916161268797965], [-0.01479737433516316, -0.03824858770312077, 0.9252423597919059], [-0.01666486282903315, -0.0029575486421174486, 0.9323557800852649], [-0.01638440055634825, 0.023515687085241942, 0.9350600466666059], [-0.03292185862948488, -0.0403075305043294, 0.9028262515138032], [-0.035151637200577325, -0.05942870104070342, 0.9077912417820168], [-0.03322409014066587, -0.08896449313805373, 0.9112516924243036], [-0.014730483229283046, -0.09022683214925985, 0.9272621025968784], [-0.008421897173517897, -0.066029340751964, 0.9332824931475231], [0.00033401645147780064, -0.04449085040341908, 0.9278077422218548], [-0.025017060824291355, -0.09508577441476528, 0.9167512860459641], [-0.018728333510952867, -0.11193623650603934, 0.9125980037956258]], "Ms": [[[1.0, 0.0, 0.0, 0.0], [0.0, 1.0, 0.0, 0.0], [0.0, 0.0, 1.0, 0.0]], [[-0.04442386488288922, 0.11317251898236855, -0.9925817352621659, 0.7126603759421036], [-0.08910045431081182, 0.9891541824473351, 0.1167694839782689, -0.07998915594569932], [0.9950314714974967, 0.09362683533116824, -0.03385832889255715, 0.5955444174406396]], [[0.5353700814097946, -0.10948931997531974, 0.8374908744234842, -0.5901643953695572], [0.1291242654309484, 0.9905162567700285, 0.04695177473972033, -0.06490514380479258], [-0.8346890439008937, 0.08300381850031664, 0.5444304970390422, 0.4768965258415202]]], "world_camera_id": 0}