{"Pts": [[-0.15080060433973552, 0.03400221297231176, 0.806749196461061], [-0.14483129182793697, 0.006704763245123849, 0.8304836976858563], [-0.15231516213706292, -0.024293643816652544, 0.8259279242325144], [-0.1600758866085518, -0.023842295712291572, 0.8281228545629833], [-0.15853696555082336, 0.005440559729508847, 0.839277997706938], [-0.1526476062407663, 0.03993937646933111, 0.8460153140651149], [-0.14182824119158352, -0.03887405639309798, 0.8237980056476678], [-0.13837654277030687, -0.04736396821888707, 0.8134408494254564], [-0.14858608458372186, -0.06887565768728074, 0.8211147774767549], [-0.16778375656275477, -0.06785456441156047, 0.8237240019702583], [-0.17979315326785764, -0.045543565428720206, 0.8260573006522957], [-0.16989833537932528, -0.0331547403091744, 0.8319686986472377], [-0.15867065751409162, -0.07426276574034493, 0.825763004240468], [-0.15938250093588946, -0.09105845062903552, 0.831520051081079], [-0.18412718641639875, 0.06564095625672794, 0.6435698234514373], [-0.18378438007498513, 0.03246675608446433, 0.6383400186363017], [-0.19106682156491128, 0.007697030428330827, 0.6302444318139978], [-0.20137717712696748, 0.006273454496564303, 0.6366291397091116], [-0.2007063911082531, 0.029570912918384686, 0.6377903171697433], [-0.21210164841721246, 0.057348025793360326, 0.6206198083416007], [-0.17637865894521862, -0.0024175168254254985, 0.6203284508866956], [-0.18044294259784738, -0.021132898432583546, 0.61751775265864], [-0.18402980098328256, -0.04554257309144256, 0.6173403638488332], [-0.20169196702151623, -0.04622028110348029, 0.6281891872448843], [-0.2077905879130549, -0.01916040969466441, 0.6323967875939966], [-0.21087908659908253, 0.0024261706235368303, 0.6398002760141184], [-0.1886024330574252, -0.05149168540001813, 0.6237110674731398], [-0.18707347640865563, -0.06943727929165783, 0.6297321445261371]], "Ms": [[[1.0, 0.0, 0.0, 0.0], [0.0, 1.0, 0.0, 0.0], [0.0, 0.0, 1.0, 0.0]], [[-0.04442386488288922, 0.11317251898236855, -0.9925817352621659, 0.7126603759421036], [-0.08910045431081182, 0.9891541824473351, 0.1167694839782689, -0.07998915594569932], [0.9950314714974967, 0.09362683533116824, -0.03385832889255715, 0.5955444174406396]], [[0.5353700814097946, -0.10948931997531974, 0.8374908744234842, -0.5901643953695572], [0.1291242654309484, 0.9905162567700285, 0.04695177473972033, -0.06490514380479258], [-0.8346890439008937, 0.08300381850031664, 0.5444304970390422, 0.4768965258415202]]], "world_camera_id": 0}