{"Pts": [[-0.15625991606737907, 0.05708888562769411, 0.7101912637708543], [-0.15446024186622276, 0.024405290665172698, 0.7094017869350541], [-0.15489660655007612, -0.010413029159509913, 0.7088276972518943], [-0.16263494008094406, -0.010829282479777227, 0.7074426402360652], [-0.16381091480749324, 0.02110807438517817, 0.7233771901708612], [-0.1651616933206715, 0.051384328055217, 0.707397117109995], [-0.14807848561674547, -0.026027471326530927, 0.7164479457370979], [-0.14400020268757588, -0.032689795889820364, 0.7062215790895062], [-0.14774877972176478, -0.05544372799953436, 0.7019905769646498], [-0.167044649084037, -0.05438496924964045, 0.7018963854954539], [-0.17435779053783612, -0.030702812055604455, 0.7033879106086323], [-0.1714955868047065, -0.0282087111491266, 0.7159101980218012], [-0.16025846739212446, -0.06160817160218814, 0.7013768889614472], [-0.15760250600703452, -0.07969764970799387, 0.7057332046256004]], "Ms": [[[1.0, 0.0, 0.0, 0.0], [0.0, 1.0, 0.0, 0.0], [0.0, 0.0, 1.0, 0.0]], [[-0.04442386488288922, 0.11317251898236855, -0.9925817352621659, 0.7126603759421036], [-0.08910045431081182, 0.9891541824473351, 0.1167694839782689, -0.07998915594569932], [0.9950314714974967, 0.09362683533116824, -0.03385832889255715, 0.5955444174406396]], [[0.5353700814097946, -0.10948931997531974, 0.8374908744234842, -0.5901643953695572], [0.1291242654309484, 0.9905162567700285, 0.04695177473972033, -0.06490514380479258], [-0.8346890439008937, 0.08300381850031664, 0.5444304970390422, 0.4768965258415202]]], "world_camera_id": 0}