{"Pts": [[-0.15875970987351193, 0.05493349297655079, 0.7071752204061098], [-0.15399357487240836, 0.025596501500680435, 0.6915735564728359], [-0.15866358967029584, -0.005725727340685168, 0.6795399819294474], [-0.16868465906258656, -0.006144666798705685, 0.6762066310356227], [-0.16769582922108697, 0.02712567040565522, 0.6734491470141948], [-0.16890093879858073, 0.05966346883654635, 0.6620735705058425], [-0.1516127228907297, -0.019860947143066326, 0.6857206382882634], [-0.14759517244801085, -0.026995615896560465, 0.6762148431146869], [-0.15404566026634803, -0.049373205833632985, 0.671880709826741], [-0.16971774829970226, -0.048022676914115776, 0.6726924938942843], [-0.179258299036294, -0.026706574242568712, 0.6775171456419349], [-0.1793713815151814, -0.023429470375550644, 0.6865999544915934], [-0.16151848728005044, -0.054546369098799743, 0.671550540127106], [-0.16123208256321303, -0.0723823974345422, 0.6791259254549715]], "Ms": [[[1.0, 0.0, 0.0, 0.0], [0.0, 1.0, 0.0, 0.0], [0.0, 0.0, 1.0, 0.0]], [[-0.04442386488288922, 0.11317251898236855, -0.9925817352621659, 0.7126603759421036], [-0.08910045431081182, 0.9891541824473351, 0.1167694839782689, -0.07998915594569932], [0.9950314714974967, 0.09362683533116824, -0.03385832889255715, 0.5955444174406396]], [[0.5353700814097946, -0.10948931997531974, 0.8374908744234842, -0.5901643953695572], [0.1291242654309484, 0.9905162567700285, 0.04695177473972033, -0.06490514380479258], [-0.8346890439008937, 0.08300381850031664, 0.5444304970390422, 0.4768965258415202]]], "world_camera_id": 0}