{"Pts": [[-0.15313879648292855, 0.04571450124598557, 0.8000540056539768], [-0.15052343233872859, 0.010643293327457436, 0.7967126855535687], [-0.14802627605782456, -0.01960086474963527, 0.7804698015676028], [-0.15903448138552825, -0.019408517741449475, 0.7832150210416294], [-0.16077436238334084, 0.016255719157461986, 0.7783071460360463], [-0.16139720236418387, 0.04390474571000991, 0.7606179747171672], [-0.14385140382144226, -0.03195101754598847, 0.7782174020359405], [-0.13544261574462704, -0.04138404322353633, 0.7716394668591418], [-0.14280086753815538, -0.06432608181975857, 0.7759060984815505], [-0.16603209927170293, -0.062096729967012244, 0.7768447480397898], [-0.17730729728773945, -0.04163233280308895, 0.7710165339184044], [-0.1677637726293902, -0.02606447132012132, 0.7823921553988805], [-0.15365998283018809, -0.06978171006800364, 0.7780068435258883], [-0.15388801569584082, -0.08628266597402429, 0.781440065217511]], "Ms": [[[1.0, 0.0, 0.0, 0.0], [0.0, 1.0, 0.0, 0.0], [0.0, 0.0, 1.0, 0.0]], [[-0.04442386488288922, 0.11317251898236855, -0.9925817352621659, 0.7126603759421036], [-0.08910045431081182, 0.9891541824473351, 0.1167694839782689, -0.07998915594569932], [0.9950314714974967, 0.09362683533116824, -0.03385832889255715, 0.5955444174406396]], [[0.5353700814097946, -0.10948931997531974, 0.8374908744234842, -0.5901643953695572], [0.1291242654309484, 0.9905162567700285, 0.04695177473972033, -0.06490514380479258], [-0.8346890439008937, 0.08300381850031664, 0.5444304970390422, 0.4768965258415202]]], "world_camera_id": 0}