{"Pts": [[-0.1574604562161727, 0.05197199445245735, 0.6481883617753499], [-0.15491796062182184, 0.025921022488433167, 0.6658893736399644], [-0.16252413849502786, -0.004282651295615735, 0.6568467314569815], [-0.17273526425076335, -0.004904076701843278, 0.6560235912280047], [-0.1695321208409302, 0.028171397619307446, 0.6622641380666185], [-0.16705295752472338, 0.0635117497430639, 0.6619270020354556], [-0.15957857164261413, -0.018667062934797377, 0.666328964387874], [-0.15479358916234004, -0.023569977820829667, 0.6581258414046325], [-0.15792400750900776, -0.047625187362657445, 0.6492713875652478], [-0.18123584495580164, -0.04601506739028112, 0.6526799742489946], [-0.18392221346795498, -0.02396910740062024, 0.6593439942438413], [-0.18118917375785806, -0.022597483838610037, 0.6693834532597075], [-0.168284976542504, -0.05375923595325765, 0.6499392529809029], [-0.16976270108759714, -0.07022599844090328, 0.6579376785883362]], "Ms": [[[1.0, 0.0, 0.0, 0.0], [0.0, 1.0, 0.0, 0.0], [0.0, 0.0, 1.0, 0.0]], [[-0.04442386488288922, 0.11317251898236855, -0.9925817352621659, 0.7126603759421036], [-0.08910045431081182, 0.9891541824473351, 0.1167694839782689, -0.07998915594569932], [0.9950314714974967, 0.09362683533116824, -0.03385832889255715, 0.5955444174406396]], [[0.5353700814097946, -0.10948931997531974, 0.8374908744234842, -0.5901643953695572], [0.1291242654309484, 0.9905162567700285, 0.04695177473972033, -0.06490514380479258], [-0.8346890439008937, 0.08300381850031664, 0.5444304970390422, 0.4768965258415202]]], "world_camera_id": 0}