{"Pts": [[-0.15189682783858408, 0.043341882445899545, 0.7967058275487557], [-0.15016514117380028, 0.012262142701513571, 0.7841964031374571], [-0.15120255064161175, -0.01897443427744685, 0.7694485109476218], [-0.16207982762122292, -0.01805227982976884, 0.7716469838961025], [-0.1624616877127354, 0.01657556165561362, 0.7653495330503279], [-0.15694933871760622, 0.0501252492992192, 0.7559276459393328], [-0.13892454613979038, -0.02578147358281862, 0.7722410401016171], [-0.13759078176706824, -0.0376628732562485, 0.7638566964947031], [-0.1457643131278955, -0.06085644658076212, 0.7624066803239113], [-0.16715713364048682, -0.0598576966243239, 0.7649208431146933], [-0.17830641549793014, -0.036991909275260144, 0.767019140231884], [-0.16926227898347224, -0.02386040990678328, 0.7739843679941343], [-0.15487706124199957, -0.06845175023524822, 0.7656335035065845], [-0.15496750794761163, -0.08609167814700734, 0.768033539577343]], "Ms": [[[1.0, 0.0, 0.0, 0.0], [0.0, 1.0, 0.0, 0.0], [0.0, 0.0, 1.0, 0.0]], [[-0.04442386488288922, 0.11317251898236855, -0.9925817352621659, 0.7126603759421036], [-0.08910045431081182, 0.9891541824473351, 0.1167694839782689, -0.07998915594569932], [0.9950314714974967, 0.09362683533116824, -0.03385832889255715, 0.5955444174406396]], [[0.5353700814097946, -0.10948931997531974, 0.8374908744234842, -0.5901643953695572], [0.1291242654309484, 0.9905162567700285, 0.04695177473972033, -0.06490514380479258], [-0.8346890439008937, 0.08300381850031664, 0.5444304970390422, 0.4768965258415202]]], "world_camera_id": 0}