{"Pts": [[0.1512095213484914, 0.0545453186227837, 0.6455765339311561], [0.15225521802532435, 0.02212072078865061, 0.6437748316276132], [0.1471587156531921, -0.014897160936405581, 0.6406200268768544], [0.14406422463095822, -0.015811633767204795, 0.6528062389615452], [0.14702483795552956, 0.01965952338992106, 0.6596817133384243], [0.14842992432280327, 0.054101636206493504, 0.6645851471219496], [0.170506650586546, -0.03686899876871337, 0.6350309124063495], [0.15737976861143047, -0.031030054452053726, 0.6288410708100097], [0.14826641209933833, -0.05626505592425827, 0.6327851150553105], [0.1380525777532959, -0.057468411037208574, 0.6525429575245207], [0.148256562957133, -0.03830230140082131, 0.6584878090866643], [0.1579042799361353, -0.03974473076066268, 0.6485810802849498], [0.14472312845116603, -0.06427831101987568, 0.6426078903031631], [0.14856680215450171, -0.0819454217642452, 0.6402908589308433]], "Ms": [[[1.0, 0.0, 0.0, 0.0], [0.0, 1.0, 0.0, 0.0], [0.0, 0.0, 1.0, 0.0]], [[-0.04442386488288922, 0.11317251898236855, -0.9925817352621659, 0.7126603759421036], [-0.08910045431081182, 0.9891541824473351, 0.1167694839782689, -0.07998915594569932], [0.9950314714974967, 0.09362683533116824, -0.03385832889255715, 0.5955444174406396]], [[0.5353700814097946, -0.10948931997531974, 0.8374908744234842, -0.5901643953695572], [0.1291242654309484, 0.9905162567700285, 0.04695177473972033, -0.06490514380479258], [-0.8346890439008937, 0.08300381850031664, 0.5444304970390422, 0.4768965258415202]]], "world_camera_id": 0}