{"Pts": [[-0.15041658272014963, 0.03314312800595314, 0.8923538156226218], [-0.15053661970531138, 0.0011123578807828796, 0.887749623829929], [-0.14828840949719332, -0.03222752358592514, 0.8765874404724826], [-0.16002059661502566, -0.0314672557506102, 0.8747840041406826], [-0.161768804353876, 0.0004218292566629873, 0.8810751618030791], [-0.161925429897168, 0.02413237779501752, 0.8590972578735022], [-0.13621159570232616, -0.04185390411018352, 0.875166385469892], [-0.1311949900306084, -0.05407827629359447, 0.8698228632153412], [-0.14315117695773946, -0.07479660907841756, 0.8717391960479554], [-0.16443980278768452, -0.07294454609825146, 0.8687912879066482], [-0.17015207568118318, -0.050263807927767495, 0.8675219337849546], [-0.1677806646945414, -0.03620409053475851, 0.8733680282960414], [-0.15333149547151026, -0.08055238028026038, 0.8741319393893414], [-0.15404250922362744, -0.09595094043584192, 0.8798716086334221], [-0.16774604857865952, 0.05002729883097178, 0.6593531205138446], [-0.14797025378168865, 0.023662081001155525, 0.6721543147786543], [-0.15837820093679086, 0.0006408446538837925, 0.6652989351304313], [-0.16968531121419836, -0.0003618398113000373, 0.6749311311400459], [-0.16445820707398776, 0.028320278265759172, 0.6830615430922203], [-0.16276269241192426, 0.05931638812819479, 0.6839104997636375], [-0.14642928270017794, -0.003909554573647304, 0.6542708902787433], [-0.15062832110355395, -0.026157236143517667, 0.6539431829205222], [-0.15511703441038713, -0.052613292397629255, 0.6569746930312262], [-0.1721288903140873, -0.05245230149526111, 0.670705887825441], [-0.17709005462698815, -0.029921883969889065, 0.6798114022269803], [-0.1746534748166879, -0.009882878647642, 0.6895415849272161], [-0.16303122831636493, -0.058599621434033605, 0.6655827569033581], [-0.16176153526584938, -0.076441435196567, 0.6691472377590143]], "Ms": [[[1.0, 0.0, 0.0, 0.0], [0.0, 1.0, 0.0, 0.0], [0.0, 0.0, 1.0, 0.0]], [[-0.04442386488288922, 0.11317251898236855, -0.9925817352621659, 0.7126603759421036], [-0.08910045431081182, 0.9891541824473351, 0.1167694839782689, -0.07998915594569932], [0.9950314714974967, 0.09362683533116824, -0.03385832889255715, 0.5955444174406396]], [[0.5353700814097946, -0.10948931997531974, 0.8374908744234842, -0.5901643953695572], [0.1291242654309484, 0.9905162567700285, 0.04695177473972033, -0.06490514380479258], [-0.8346890439008937, 0.08300381850031664, 0.5444304970390422, 0.4768965258415202]]], "world_camera_id": 0}