{"Pts": [[-0.15176027875331977, 0.040618228862312374, 0.7314367842359576], [-0.14649941495105917, 0.014828527715325815, 0.753950025230488], [-0.15267238308383674, -0.015413753914340035, 0.7404633204322172], [-0.16217994848231582, -0.015159800865108894, 0.7453301638239958], [-0.1607578980524833, 0.017628574304855798, 0.755060777348629], [-0.15731952472227456, 0.05067714624756223, 0.7570301132104823], [-0.14694980171684527, -0.02437111558517124, 0.7552729802452468], [-0.14461090668046622, -0.03675713923620791, 0.7447363679995088], [-0.14868601476032495, -0.05958671897979239, 0.7320963424862666], [-0.17051923882918482, -0.05776566522300965, 0.7399897700812683], [-0.17506339095966728, -0.035717496136372984, 0.7435742589423558], [-0.17010456260716708, -0.025102365230883456, 0.7581605653959764], [-0.16024150353939734, -0.06465038123289711, 0.740132453592425], [-0.1600836089024021, -0.08291780682400499, 0.7415981573349621]], "Ms": [[[1.0, 0.0, 0.0, 0.0], [0.0, 1.0, 0.0, 0.0], [0.0, 0.0, 1.0, 0.0]], [[-0.04442386488288922, 0.11317251898236855, -0.9925817352621659, 0.7126603759421036], [-0.08910045431081182, 0.9891541824473351, 0.1167694839782689, -0.07998915594569932], [0.9950314714974967, 0.09362683533116824, -0.03385832889255715, 0.5955444174406396]], [[0.5353700814097946, -0.10948931997531974, 0.8374908744234842, -0.5901643953695572], [0.1291242654309484, 0.9905162567700285, 0.04695177473972033, -0.06490514380479258], [-0.8346890439008937, 0.08300381850031664, 0.5444304970390422, 0.4768965258415202]]], "world_camera_id": 0}