{"Pts": [[-0.13556276365904746, 0.054391755891627605, 0.7186059559100103], [-0.1336727991740668, 0.021652204578989517, 0.7104431850626131], [-0.13824180729905206, -0.00221557705248719, 0.6971587787668525], [-0.15158485387157558, -0.0028264672563942535, 0.7004553515318717], [-0.15647408007264807, 0.026744663059092233, 0.6956783926598805], [-0.16000719524995777, 0.0536351248285459, 0.6849251017676367], [-0.13054825235238013, -0.009031811681609868, 0.6922683090186595], [-0.13255572150520137, -0.03196786468716722, 0.6878378691750506], [-0.13683089890122715, -0.05570991487997935, 0.6868303106528574], [-0.15754091543519286, -0.05404638113363589, 0.6952398578225701], [-0.1601853116484107, -0.028230071723281135, 0.7034484425864865], [-0.16160214635155742, -0.009455358302258302, 0.712779911649243], [-0.1472442932928904, -0.06103443285499753, 0.6923892888463065], [-0.14401463284927565, -0.07949634103511512, 0.6948540582535139]], "Ms": [[[1.0, 0.0, 0.0, 0.0], [0.0, 1.0, 0.0, 0.0], [0.0, 0.0, 1.0, 0.0]], [[-0.04442386488288922, 0.11317251898236855, -0.9925817352621659, 0.7126603759421036], [-0.08910045431081182, 0.9891541824473351, 0.1167694839782689, -0.07998915594569932], [0.9950314714974967, 0.09362683533116824, -0.03385832889255715, 0.5955444174406396]], [[0.5353700814097946, -0.10948931997531974, 0.8374908744234842, -0.5901643953695572], [0.1291242654309484, 0.9905162567700285, 0.04695177473972033, -0.06490514380479258], [-0.8346890439008937, 0.08300381850031664, 0.5444304970390422, 0.4768965258415202]]], "world_camera_id": 0}