{"Pts": [[-0.15267690830763866, 0.04523655566504257, 0.7980421703801529], [-0.14837014217853672, 0.012111357295977334, 0.8013682690651615], [-0.15167294950106955, -0.022808353669675964, 0.801102479987634], [-0.16081228229606054, -0.023051807092661487, 0.8024964908519899], [-0.1577219770043197, 0.006902851148191826, 0.8174035527757639], [-0.15972994663181184, 0.03891245152883631, 0.8124441522376287], [-0.1384776751459963, -0.034345304121904945, 0.8003767114543899], [-0.13445020828018414, -0.04369437360266032, 0.7885028386841287], [-0.14417770975699618, -0.06821569933112405, 0.7948228320651926], [-0.16610021221688387, -0.06608755077130093, 0.7957490630411289], [-0.17573190860461177, -0.045672788698988144, 0.7888586814127362], [-0.16762006957350642, -0.03158034935651128, 0.8011727952364424], [-0.15381213579102557, -0.07197272026964797, 0.7986935590645546], [-0.15412042590784583, -0.08804038073622639, 0.8020727931798876], [-0.1920930781679209, 0.06441264401556969, 0.6282874276171115], [-0.19762792313455307, 0.03371498774259359, 0.6168841771908542], [-0.2064998365804095, 0.00878363455751718, 0.6039024773238084], [-0.21879514858501553, 0.007371382411013631, 0.6133465705123016], [-0.22039828470647435, 0.033444912842374615, 0.6130840855959926], [-0.22258978371839458, 0.06910751877555821, 0.6129650108323078], [-0.19568194791609142, 0.003626579245054625, 0.5915041207793965], [-0.19976712130105662, -0.01516966327157226, 0.590967380022827], [-0.2029777287664255, -0.0415305414054866, 0.5945182489650823], [-0.2198462753223398, -0.04450488445096965, 0.611079832185234], [-0.2260841449647461, -0.019145609919167476, 0.621493132215553], [-0.20915029978037247, -0.0010893984969586852, 0.6279146634650481], [-0.20683921734717595, -0.049002017213965486, 0.6024126878165295], [-0.2049698907081856, -0.06478596579227701, 0.6107809280100637]], "Ms": [[[1.0, 0.0, 0.0, 0.0], [0.0, 1.0, 0.0, 0.0], [0.0, 0.0, 1.0, 0.0]], [[-0.04442386488288922, 0.11317251898236855, -0.9925817352621659, 0.7126603759421036], [-0.08910045431081182, 0.9891541824473351, 0.1167694839782689, -0.07998915594569932], [0.9950314714974967, 0.09362683533116824, -0.03385832889255715, 0.5955444174406396]], [[0.5353700814097946, -0.10948931997531974, 0.8374908744234842, -0.5901643953695572], [0.1291242654309484, 0.9905162567700285, 0.04695177473972033, -0.06490514380479258], [-0.8346890439008937, 0.08300381850031664, 0.5444304970390422, 0.4768965258415202]]], "world_camera_id": 0}