{"Pts": [[-0.14804503024225124, 0.04461445997741513, 0.7587748406538103], [-0.1475357917450392, 0.012449336643601528, 0.7686352925926685], [-0.15130809081007637, -0.015596531159660079, 0.7512450107469695], [-0.1639447219293355, -0.01612896603576807, 0.7546660959481473], [-0.1614119392708877, 0.017992964927641304, 0.7580111808646968], [-0.1569267108164296, 0.05094518806754471, 0.7541764381042961], [-0.1464509114135238, -0.025068902710081917, 0.754088389861231], [-0.14486125750286843, -0.036188269742612175, 0.7458205803033265], [-0.15069603248231705, -0.060666498626005684, 0.7426984869915516], [-0.17058557818227732, -0.058614338217582704, 0.7482215900375919], [-0.1739420490170225, -0.03877196723510737, 0.7534458928896967], [-0.17082433726024232, -0.025484387819549717, 0.7617918610088464], [-0.16020743286255307, -0.06604142399061701, 0.748509338390434], [-0.1601550787114175, -0.08444379667425227, 0.7508357869236298]], "Ms": [[[1.0, 0.0, 0.0, 0.0], [0.0, 1.0, 0.0, 0.0], [0.0, 0.0, 1.0, 0.0]], [[-0.04442386488288922, 0.11317251898236855, -0.9925817352621659, 0.7126603759421036], [-0.08910045431081182, 0.9891541824473351, 0.1167694839782689, -0.07998915594569932], [0.9950314714974967, 0.09362683533116824, -0.03385832889255715, 0.5955444174406396]], [[0.5353700814097946, -0.10948931997531974, 0.8374908744234842, -0.5901643953695572], [0.1291242654309484, 0.9905162567700285, 0.04695177473972033, -0.06490514380479258], [-0.8346890439008937, 0.08300381850031664, 0.5444304970390422, 0.4768965258415202]]], "world_camera_id": 0}