{"Pts": [[-0.14841561738405204, 0.040809654174875705, 0.7341422824732688], [-0.14541523483808522, 0.011493910608721543, 0.757573837341678], [-0.15151369519153066, -0.015593420851697641, 0.7433788151021721], [-0.16271198572388126, -0.015450443259918038, 0.7481418559545644], [-0.1606019820273559, 0.017723814915486535, 0.7541199538945937], [-0.15692671848782325, 0.050945186773337044, 0.7541764390871153], [-0.14744392705376003, -0.02466324675052539, 0.7581692545417597], [-0.14512500173377813, -0.037054191536619485, 0.747661060019358], [-0.14923750581228667, -0.05988213880717079, 0.7350009112622272], [-0.1711095957071927, -0.05804516796299127, 0.7427275928046844], [-0.17564612626578377, -0.0360033435777495, 0.7462875599334403], [-0.17064477850745485, -0.02538890491685945, 0.7608855974584493], [-0.16081095417196478, -0.06493688810547814, 0.7429361740903454], [-0.16064896644980278, -0.08320048789012142, 0.7443839059117853]], "Ms": [[[1.0, 0.0, 0.0, 0.0], [0.0, 1.0, 0.0, 0.0], [0.0, 0.0, 1.0, 0.0]], [[-0.04442386488288922, 0.11317251898236855, -0.9925817352621659, 0.7126603759421036], [-0.08910045431081182, 0.9891541824473351, 0.1167694839782689, -0.07998915594569932], [0.9950314714974967, 0.09362683533116824, -0.03385832889255715, 0.5955444174406396]], [[0.5353700814097946, -0.10948931997531974, 0.8374908744234842, -0.5901643953695572], [0.1291242654309484, 0.9905162567700285, 0.04695177473972033, -0.06490514380479258], [-0.8346890439008937, 0.08300381850031664, 0.5444304970390422, 0.4768965258415202]]], "world_camera_id": 0}