{"Pts": [[-0.13532914753593897, 0.05494208415896151, 0.719523282799354], [-0.13167293372957922, 0.021635839350673258, 0.7156675403331935], [-0.131459291232446, -0.004015157682327825, 0.7119646112580932], [-0.14223217828195558, -0.005345359971090692, 0.7185519850331805], [-0.14430699935019498, 0.01657653310733442, 0.727379361581403], [-0.1488348439811208, 0.045100996561775276, 0.7092051544243144], [-0.11615669021471096, -0.015781805790399037, 0.7231739981419715], [-0.12029066641380753, -0.03254517642670414, 0.7077066408975274], [-0.12810013603836964, -0.058471369384764056, 0.6999981293102107], [-0.15063352460107063, -0.059134703087247484, 0.7086712006493464], [-0.15849025950988424, -0.031413460384356016, 0.7115928147178038], [-0.16022772563954588, -0.009291499253955945, 0.7163741713983538], [-0.13865403450956618, -0.06568276835027946, 0.7060900212892881], [-0.13663400860536762, -0.08487636388055016, 0.7066612592462881]], "Ms": [[[1.0, 0.0, 0.0, 0.0], [0.0, 1.0, 0.0, 0.0], [0.0, 0.0, 1.0, 0.0]], [[-0.04442386488288922, 0.11317251898236855, -0.9925817352621659, 0.7126603759421036], [-0.08910045431081182, 0.9891541824473351, 0.1167694839782689, -0.07998915594569932], [0.9950314714974967, 0.09362683533116824, -0.03385832889255715, 0.5955444174406396]], [[0.5353700814097946, -0.10948931997531974, 0.8374908744234842, -0.5901643953695572], [0.1291242654309484, 0.9905162567700285, 0.04695177473972033, -0.06490514380479258], [-0.8346890439008937, 0.08300381850031664, 0.5444304970390422, 0.4768965258415202]]], "world_camera_id": 0}