{"Pts": [[0.1516201139690437, 0.054553489318207214, 0.6472308371823561], [0.15225521809028236, 0.022120720735154975, 0.6437748316386139], [0.1500312405187294, -0.014028842076505314, 0.6402635833813314], [0.14369494905178107, -0.015706991023013747, 0.6511729560162488], [0.1466814237742862, 0.018915432889807925, 0.6578598317061435], [0.14763988693552937, 0.054096124170058615, 0.6612781284764009], [0.17180679947703173, -0.03915263641698514, 0.6346246951502257], [0.16423444365128767, -0.033200287181145045, 0.6275381080984185], [0.14788257592211612, -0.05609734026208065, 0.631162741728595], [0.1370171175538045, -0.05697159721489693, 0.6477187493954045], [0.14788136494825616, -0.03816315002567745, 0.6568493153125111], [0.16005650163491605, -0.04264028958816908, 0.6635398198527399], [0.14398683647096536, -0.06392242546715404, 0.6393765877044334], [0.1485668019052719, -0.08194542202206422, 0.6402908591472827], [-0.029925012036826723, 0.017582517209829677, 0.9312461604103365], [-0.02259097911661553, -0.01108048832264787, 0.9164762371933011], [-0.02728061847133588, -0.038349887605133165, 0.9197874233262053], [-0.014803908648412958, -0.038590129898929834, 0.9289653863841371], [-0.018544634043160303, -0.0049266331939573325, 0.933799014668537], [-0.018336721764655773, 0.022582169176044505, 0.9329132247182889], [-0.033065675546331705, -0.03882746490339407, 0.9042937098493143], [-0.03528154551853721, -0.05990249477292516, 0.9125218999054558], [-0.03537875392206566, -0.08924228781677883, 0.9141008564129832], [-0.014757438185033814, -0.09062589432440432, 0.930940136739735], [-0.008370649758419817, -0.06804309413523531, 0.9367544652877191], [0.0003805796418673695, -0.04484782829025818, 0.9316480974746316], [-0.02508349173697016, -0.09548080783983558, 0.9203471541005004], [-0.020785930871699613, -0.11088187574136428, 0.918216622735562]], "Ms": [[[1.0, 0.0, 0.0, 0.0], [0.0, 1.0, 0.0, 0.0], [0.0, 0.0, 1.0, 0.0]], [[-0.04442386488288922, 0.11317251898236855, -0.9925817352621659, 0.7126603759421036], [-0.08910045431081182, 0.9891541824473351, 0.1167694839782689, -0.07998915594569932], [0.9950314714974967, 0.09362683533116824, -0.03385832889255715, 0.5955444174406396]], [[0.5353700814097946, -0.10948931997531974, 0.8374908744234842, -0.5901643953695572], [0.1291242654309484, 0.9905162567700285, 0.04695177473972033, -0.06490514380479258], [-0.8346890439008937, 0.08300381850031664, 0.5444304970390422, 0.4768965258415202]]], "world_camera_id": 0}