{"Pts": [[0.15162011306014678, 0.05455348945622374, 0.6472308382137304], [0.15225521777364234, 0.022120720843878675, 0.6437748319793442], [0.1500312404937714, -0.014028842096162697, 0.6402635834560033], [0.14369494931798787, -0.015706991007864636, 0.6511729558909295], [0.1470248385213074, 0.019659523360626124, 0.6596817133274273], [0.14803461066038873, 0.05409902458573429, 0.6629309216328001], [0.17190280162421412, -0.03683923855036639, 0.6348345558742094], [0.16285659998849902, -0.0332317901874664, 0.6277469750373246], [0.14788257569374846, -0.05609733987480048, 0.6311627420790008], [0.13770705178700363, -0.05730263211113752, 0.6509337029939487], [0.1478813664192586, -0.03816314991635951, 0.6568493144367898], [0.16159982340925438, -0.0410398820380609, 0.6635285879094391], [0.14435478086230252, -0.06410028015246054, 0.6409915945789407], [0.14856680234210376, -0.08194542164399472, 0.6402908588551582]], "Ms": [[[1.0, 0.0, 0.0, 0.0], [0.0, 1.0, 0.0, 0.0], [0.0, 0.0, 1.0, 0.0]], [[-0.04442386488288922, 0.11317251898236855, -0.9925817352621659, 0.7126603759421036], [-0.08910045431081182, 0.9891541824473351, 0.1167694839782689, -0.07998915594569932], [0.9950314714974967, 0.09362683533116824, -0.03385832889255715, 0.5955444174406396]], [[0.5353700814097946, -0.10948931997531974, 0.8374908744234842, -0.5901643953695572], [0.1291242654309484, 0.9905162567700285, 0.04695177473972033, -0.06490514380479258], [-0.8346890439008937, 0.08300381850031664, 0.5444304970390422, 0.4768965258415202]]], "world_camera_id": 0}