{"Pts": [[-0.13435858770449066, 0.05321582724193448, 0.7205251002296725], [-0.12976242939483687, 0.023544767757973716, 0.7211919034791543], [-0.1246170794173307, -0.007214714510813775, 0.7235054552218971], [-0.13970410354194435, -0.009052893982406721, 0.734082217808966], [-0.13207143830260556, 0.017087640401267437, 0.7464773192195491], [-0.12527756861447642, 0.04943867701079335, 0.7577513791900706], [-0.10980859104150578, -0.015895119464382185, 0.7369950408605478], [-0.11864432715322926, -0.03556277174095197, 0.7284858179855116], [-0.11821849743996556, -0.06109453058976485, 0.7189445595240065], [-0.1408402407578226, -0.060482130476019226, 0.725869608018928], [-0.1439406078461956, -0.03355638936389424, 0.7312243482741606], [-0.14510165359860816, -0.01372403783695323, 0.734753652880937], [-0.13041249492730317, -0.06717964867327796, 0.7237866637317053], [-0.12858784173272647, -0.08619564891035345, 0.7254762954501356]], "Ms": [[[1.0, 0.0, 0.0, 0.0], [0.0, 1.0, 0.0, 0.0], [0.0, 0.0, 1.0, 0.0]], [[-0.04442386488288922, 0.11317251898236855, -0.9925817352621659, 0.7126603759421036], [-0.08910045431081182, 0.9891541824473351, 0.1167694839782689, -0.07998915594569932], [0.9950314714974967, 0.09362683533116824, -0.03385832889255715, 0.5955444174406396]], [[0.5353700814097946, -0.10948931997531974, 0.8374908744234842, -0.5901643953695572], [0.1291242654309484, 0.9905162567700285, 0.04695177473972033, -0.06490514380479258], [-0.8346890439008937, 0.08300381850031664, 0.5444304970390422, 0.4768965258415202]]], "world_camera_id": 0}