{"Pts": [[-0.15315287662719942, 0.04486882479629932, 0.8018030837679408], [-0.1512723189093529, 0.011704032473475567, 0.7997760632894204], [-0.15113691049229439, -0.021458579557132464, 0.7868417735790733], [-0.1617638133590577, -0.02171282606207984, 0.7874395706796629], [-0.16271560273741079, 0.01264764922155889, 0.7935888308542283], [-0.16417626141770758, 0.037835329568284136, 0.7682886985596689], [-0.1374129466336829, -0.029616652243874438, 0.7858535925511521], [-0.13684035943836367, -0.043747365010569146, 0.7811935258789641], [-0.1437516984882582, -0.06544729840629512, 0.7815681807056089], [-0.16360972492120526, -0.06270909093756193, 0.7826193870200119], [-0.1760709223745938, -0.04479926812917834, 0.7734607942350731], [-0.16832991423586763, -0.029699393597439085, 0.7864318193504064], [-0.15467605392485131, -0.07035085966673525, 0.7835497129990571], [-0.1532513893738224, -0.08643659458148902, 0.7872243681173438]], "Ms": [[[1.0, 0.0, 0.0, 0.0], [0.0, 1.0, 0.0, 0.0], [0.0, 0.0, 1.0, 0.0]], [[-0.04442386488288922, 0.11317251898236855, -0.9925817352621659, 0.7126603759421036], [-0.08910045431081182, 0.9891541824473351, 0.1167694839782689, -0.07998915594569932], [0.9950314714974967, 0.09362683533116824, -0.03385832889255715, 0.5955444174406396]], [[0.5353700814097946, -0.10948931997531974, 0.8374908744234842, -0.5901643953695572], [0.1291242654309484, 0.9905162567700285, 0.04695177473972033, -0.06490514380479258], [-0.8346890439008937, 0.08300381850031664, 0.5444304970390422, 0.4768965258415202]]], "world_camera_id": 0}