{"Pts": [[-0.15302046234372074, 0.04580608549215092, 0.7991139189398002], [-0.15158020650845777, 0.012282341942629007, 0.8008349045405928], [-0.14969827009291992, -0.021555311273559485, 0.7889363337186414], [-0.1585993725068762, -0.021703917177502637, 0.7897151492836662], [-0.16167793341529127, 0.011251394228466672, 0.7973738016523775], [-0.16119831783935695, 0.0373559926027447, 0.7721717080819708], [-0.13606498966326447, -0.030296877065407495, 0.7879758215314755], [-0.1353342350379805, -0.04336502849443582, 0.7833626435646442], [-0.14407372573875918, -0.06564354759219589, 0.7834659824493492], [-0.1641323159537647, -0.0629874819423603, 0.7853200945723016], [-0.17643835290198312, -0.044987277751452184, 0.7752215884393006], [-0.16866930799067859, -0.02989113185047735, 0.7882212166185423], [-0.15518136342767336, -0.07063433061487467, 0.7863081002481898], [-0.15374972193592137, -0.08671870284584593, 0.789973486537917], [-0.22157596372042146, 0.06403990183357344, 0.5950368135739343], [-0.20438188258251924, 0.033038878417295525, 0.6038357100150284], [-0.21128067347666313, 0.009395106243724713, 0.5900180418686435], [-0.22381896607760202, 0.0076133094230929135, 0.6042174631797396], [-0.22013279282425025, 0.034188070309071054, 0.611446838988312], [-0.21774948351972262, 0.06827772960243993, 0.6085255830782581], [-0.20589787342359134, 0.0037396772370991297, 0.5917670332159007], [-0.20610446638493704, -0.012889491291911172, 0.5814359617429822], [-0.20709461834755824, -0.04216885323242776, 0.5837549808706791], [-0.2251504613442188, -0.04133660057600618, 0.6025340254492596], [-0.22931405218644663, -0.018403202657734655, 0.6070546270765439], [-0.21061425152274263, -0.017322377053667036, 0.6136629672826359], [-0.21399775387111702, -0.04819105610200567, 0.5957293992634046], [-0.21033965768174312, -0.06363571031205875, 0.6024119933557198]], "Ms": [[[1.0, 0.0, 0.0, 0.0], [0.0, 1.0, 0.0, 0.0], [0.0, 0.0, 1.0, 0.0]], [[-0.04442386488288922, 0.11317251898236855, -0.9925817352621659, 0.7126603759421036], [-0.08910045431081182, 0.9891541824473351, 0.1167694839782689, -0.07998915594569932], [0.9950314714974967, 0.09362683533116824, -0.03385832889255715, 0.5955444174406396]], [[0.5353700814097946, -0.10948931997531974, 0.8374908744234842, -0.5901643953695572], [0.1291242654309484, 0.9905162567700285, 0.04695177473972033, -0.06490514380479258], [-0.8346890439008937, 0.08300381850031664, 0.5444304970390422, 0.4768965258415202]]], "world_camera_id": 0}