{"Pts": [[-0.1502041522796037, 0.03333706461027022, 0.8905386904719274], [-0.1486544311129307, 0.0009096625731688536, 0.8803802964007973], [-0.15056531124872283, -0.03130948354090053, 0.8654843509334225], [-0.15834563441486135, -0.030320787295751196, 0.864275302378943], [-0.15977486813781439, 0.0041887159517224526, 0.8595592005935594], [-0.15480341236834677, 0.03816773773405002, 0.847213909060245], [-0.13646811570901174, -0.040168622587255454, 0.8634631281039322], [-0.13346129395518055, -0.053437137780003266, 0.857360976041128], [-0.14528745409620905, -0.07246117535222246, 0.8598516065714784], [-0.164786273121042, -0.07216567994397276, 0.8596233706432014], [-0.17066295214767777, -0.04964750209776875, 0.8584790207350984], [-0.169646565720855, -0.03430265988698566, 0.8629217101063145], [-0.15370933679716742, -0.0784310888935378, 0.8639903876463059], [-0.15454270932059427, -0.0937978153031707, 0.8697831315153775], [-0.1846025532673799, 0.061023710892567355, 0.6465580794615202], [-0.16809933616347197, 0.033031375791820035, 0.6495601663544893], [-0.16490327899759075, 0.004653109137043024, 0.6534200436811779], [-0.17714858364079306, 0.003197326403480791, 0.667204147738415], [-0.16663982535785982, 0.029058314959426422, 0.6777693858224401], [-0.15935630249867763, 0.0612382473406502, 0.6816668656803385], [-0.15355810349080598, -0.006330804686883335, 0.6655581392880447], [-0.15701514918753678, -0.021997124042252618, 0.6538845770111401], [-0.16043939991516143, -0.049731316835387104, 0.6476579138874491], [-0.18149452001912897, -0.04919306531933772, 0.6597296271337022], [-0.1833617614903307, -0.023169333824817763, 0.662977798151599], [-0.1787081756061324, -0.0033714667839423455, 0.6683251778495418], [-0.1680702442324775, -0.056930257316559346, 0.6552377166030073], [-0.1669267449200208, -0.07455068668778984, 0.6588334069704758]], "Ms": [[[1.0, 0.0, 0.0, 0.0], [0.0, 1.0, 0.0, 0.0], [0.0, 0.0, 1.0, 0.0]], [[-0.04442386488288922, 0.11317251898236855, -0.9925817352621659, 0.7126603759421036], [-0.08910045431081182, 0.9891541824473351, 0.1167694839782689, -0.07998915594569932], [0.9950314714974967, 0.09362683533116824, -0.03385832889255715, 0.5955444174406396]], [[0.5353700814097946, -0.10948931997531974, 0.8374908744234842, -0.5901643953695572], [0.1291242654309484, 0.9905162567700285, 0.04695177473972033, -0.06490514380479258], [-0.8346890439008937, 0.08300381850031664, 0.5444304970390422, 0.4768965258415202]]], "world_camera_id": 0}