{"Pts": [[-0.15006026686943905, 0.04490570005375114, 0.7970855851235811], [-0.1503840474415976, 0.01210160998220536, 0.8048683893877269], [-0.15091332977871894, -0.023052462237609303, 0.806108929196863], [-0.15993003582042023, -0.02318720308916311, 0.806489723030725], [-0.15857197063437944, 0.007092661023066703, 0.822070423509976], [-0.16010411717829795, 0.03754535723067165, 0.8334464036585594], [-0.13958369008382257, -0.03433938873541553, 0.8071885966616777], [-0.13568096437302224, -0.04627900932214197, 0.7960741864794638], [-0.14558867766534914, -0.06909399862407506, 0.8032532924356348], [-0.164111896151247, -0.06650506276674523, 0.8043389163726625], [-0.1719255451210007, -0.04544560699580515, 0.797553310695367], [-0.16720476743498655, -0.03186046861152153, 0.8094907990333216], [-0.155314199013355, -0.07230924428108988, 0.8069401942422297], [-0.15557328092163078, -0.08887427557032908, 0.8101999945599018], [-0.1865776882988876, 0.062393748425553064, 0.6389570550183868], [-0.19127010633079738, 0.0345441130226109, 0.62483215443201], [-0.2004624711306537, 0.009214903772112384, 0.6114515495833848], [-0.21295939726790084, 0.007340891689455479, 0.6207805965626014], [-0.21739257859785813, 0.03531090883348276, 0.6184546284251051], [-0.2187708562179657, 0.06822685918380662, 0.6112400396606084], [-0.1901406990076239, 0.003437712896503185, 0.599467902103011], [-0.1939002948430706, -0.015501911514439595, 0.5977131423088634], [-0.19615895812302928, -0.04281465493715164, 0.6025623732607689], [-0.21207316635425097, -0.04470787610251861, 0.6168140053196731], [-0.219593644236929, -0.015507020181926569, 0.6264321734382797], [-0.20409958228251776, 0.0031620651858350894, 0.6286363563058658], [-0.20111763934705612, -0.049870850629080504, 0.6099461989688627], [-0.1972262195540103, -0.06579827321226775, 0.6169108530623972]], "Ms": [[[1.0, 0.0, 0.0, 0.0], [0.0, 1.0, 0.0, 0.0], [0.0, 0.0, 1.0, 0.0]], [[-0.04442386488288922, 0.11317251898236855, -0.9925817352621659, 0.7126603759421036], [-0.08910045431081182, 0.9891541824473351, 0.1167694839782689, -0.07998915594569932], [0.9950314714974967, 0.09362683533116824, -0.03385832889255715, 0.5955444174406396]], [[0.5353700814097946, -0.10948931997531974, 0.8374908744234842, -0.5901643953695572], [0.1291242654309484, 0.9905162567700285, 0.04695177473972033, -0.06490514380479258], [-0.8346890439008937, 0.08300381850031664, 0.5444304970390422, 0.4768965258415202]]], "world_camera_id": 0}