{"Pts": [[-0.15302046407298284, 0.04580608571178026, 0.7991139144052029], [-0.1499684080583351, 0.011027098939397793, 0.7929388214088319], [-0.14902656562358255, -0.019543553877965893, 0.777348998508348], [-0.16027932058980943, -0.019226899169181345, 0.7802583695036375], [-0.1598481233340534, 0.01607300184128546, 0.7735323878206972], [-0.16187063183798228, 0.045085497194399284, 0.7576000093514048], [-0.13927164397353622, -0.02822372870656305, 0.7757976652896027], [-0.13478045633985883, -0.039429501769062895, 0.7687903185091344], [-0.14406634564087964, -0.06347343413153833, 0.7729384245555491], [-0.16898289257872276, -0.060788144144975985, 0.7739166026220037], [-0.1768944634347954, -0.04004746397887714, 0.7685687751974867], [-0.16867848171774807, -0.02526360181363339, 0.778624193598828], [-0.15669887264171453, -0.06838478029542322, 0.7750106790912062], [-0.1568500133565576, -0.08580259842717917, 0.7783182556101477]], "Ms": [[[1.0, 0.0, 0.0, 0.0], [0.0, 1.0, 0.0, 0.0], [0.0, 0.0, 1.0, 0.0]], [[-0.04442386488288922, 0.11317251898236855, -0.9925817352621659, 0.7126603759421036], [-0.08910045431081182, 0.9891541824473351, 0.1167694839782689, -0.07998915594569932], [0.9950314714974967, 0.09362683533116824, -0.03385832889255715, 0.5955444174406396]], [[0.5353700814097946, -0.10948931997531974, 0.8374908744234842, -0.5901643953695572], [0.1291242654309484, 0.9905162567700285, 0.04695177473972033, -0.06490514380479258], [-0.8346890439008937, 0.08300381850031664, 0.5444304970390422, 0.4768965258415202]]], "world_camera_id": 0}