{"Pts": [[-0.15511537579345938, 0.05366284805252789, 0.709922775130534], [-0.15216080302911605, 0.02160459368006012, 0.7243544161418236], [-0.15403881067344444, -0.013377554884340979, 0.7299606781253603], [-0.1632864881697569, -0.014441468025477355, 0.7271544381729949], [-0.16212489132755048, 0.017610891023694283, 0.7444407482669682], [-0.1595534720288002, 0.05008115536655908, 0.7543615211604902], [-0.14861037271952815, -0.027488815513689327, 0.7379639827302098], [-0.14344449244854926, -0.03490602969614429, 0.729923037214056], [-0.15222403241033008, -0.05773453727640661, 0.7245474290820068], [-0.1702546935784507, -0.055578005220747705, 0.7235012268395843], [-0.17346858127504647, -0.033514620427892265, 0.7281493651902103], [-0.17467274966311083, -0.027838322738547402, 0.7423382042099083], [-0.16009266686483, -0.06287511049661068, 0.7232076218722716], [-0.1601492188874373, -0.08115159231966322, 0.7257075492341318]], "Ms": [[[1.0, 0.0, 0.0, 0.0], [0.0, 1.0, 0.0, 0.0], [0.0, 0.0, 1.0, 0.0]], [[-0.04442386488288922, 0.11317251898236855, -0.9925817352621659, 0.7126603759421036], [-0.08910045431081182, 0.9891541824473351, 0.1167694839782689, -0.07998915594569932], [0.9950314714974967, 0.09362683533116824, -0.03385832889255715, 0.5955444174406396]], [[0.5353700814097946, -0.10948931997531974, 0.8374908744234842, -0.5901643953695572], [0.1291242654309484, 0.9905162567700285, 0.04695177473972033, -0.06490514380479258], [-0.8346890439008937, 0.08300381850031664, 0.5444304970390422, 0.4768965258415202]]], "world_camera_id": 0}