{"Pts": [[0.12185694540635167, 0.047569275201010106, 0.6604013837852586], [-330.0638641987965, -417.1800853722593, -1252.4950988245153], [-332.58837398495604, -400.1652645436651, -1261.3331468833892], [0.1348568962255317, -0.016454426946750433, 0.6589789074836734], [-329.84390499008936, -416.0795243182965, -1251.4353696842963], [-327.670640908545, -431.17024964500735, -1243.997603567612], [-334.5703324706799, -383.3237599436206, -1265.886706174069], [0.15196920595706376, -0.034816976485935854, 0.6361245071251596], [0.13278111906772036, -0.05711354538567434, 0.6416157950573875], [0.1330643669378816, -0.05870030668974266, 0.6646105003860597], [-333.68619313269335, -382.3217389667049, -1264.0213332027438], [-333.89798011266146, -379.79991563664214, -1263.4987557607753], [0.13642413709720144, -0.0659800929119555, 0.651843509481437], [0.14045603280367, -0.08211895018151028, 0.6495975189740648]], "Ms": [[[1.0, 0.0, 0.0, 0.0], [0.0, 1.0, 0.0, 0.0], [0.0, 0.0, 1.0, 0.0]], [[-0.04442386488288922, 0.11317251898236855, -0.9925817352621659, 0.7126603759421036], [-0.08910045431081182, 0.9891541824473351, 0.1167694839782689, -0.07998915594569932], [0.9950314714974967, 0.09362683533116824, -0.03385832889255715, 0.5955444174406396]], [[0.5353700814097946, -0.10948931997531974, 0.8374908744234842, -0.5901643953695572], [0.1291242654309484, 0.9905162567700285, 0.04695177473972033, -0.06490514380479258], [-0.8346890439008937, 0.08300381850031664, 0.5444304970390422, 0.4768965258415202]]], "world_camera_id": 0}