{"Pts": [[-0.15041712532615956, 0.04462951236454047, 0.7999275917955283], [-0.15069033866074016, 0.01268211931278441, 0.8059259900505074], [-0.1513581255086742, -0.023340620772067267, 0.8088931090686153], [-0.1603934009414524, -0.023474804575176592, 0.8092057209165234], [-0.15695723968782768, 0.007555656799522752, 0.8252119751505801], [-0.1591178617206053, 0.036400732307134365, 0.8410269200627976], [-0.14011330935357733, -0.03517936657930295, 0.810003835316993], [-0.13612286844679788, -0.046576174211768046, 0.7989705712835871], [-0.14605605237807512, -0.06938545690955815, 0.8060471759910643], [-0.16444703158372373, -0.06669007637195298, 0.806110712772911], [-0.17335501867817532, -0.04553858870719315, 0.8046345818985811], [-0.1675284006518512, -0.03205205567310721, 0.8112585757705626], [-0.15579817205675056, -0.07259042338347572, 0.8096534673891379], [-0.15605452078032914, -0.08915041873355524, 0.8128928531343713], [-0.18721064795536502, 0.06319499289023085, 0.6427832243684308], [-0.189351019633211, 0.035273611233206735, 0.6271813342464506], [-0.19883971154004035, 0.009726074868922662, 0.6146033700272978], [-0.2110073770838698, 0.007959536412902207, 0.6228610809256966], [-0.21531178012124638, 0.036142856161379376, 0.6196476369459633], [-0.21957109016384052, 0.06754732608698806, 0.612500799377504], [-0.18742046046055677, 0.0004732624166922857, 0.6016150200704786], [-0.1913310540151148, -0.016055729697050717, 0.5984861468169653], [-0.19377292694149617, -0.042338810555168555, 0.6035596989521185], [-0.21128389122806981, -0.04370398940416371, 0.6183852569600844], [-0.21721834865533124, -0.01488570682903102, 0.627464049914847], [-0.20211094460199144, 0.002182575805589504, 0.6278175281764671], [-0.19743823873929672, -0.049494961314287135, 0.6113878539593167], [-0.19690660885146133, -0.06560027966323018, 0.6203756934224176]], "Ms": [[[1.0, 0.0, 0.0, 0.0], [0.0, 1.0, 0.0, 0.0], [0.0, 0.0, 1.0, 0.0]], [[-0.04442386488288922, 0.11317251898236855, -0.9925817352621659, 0.7126603759421036], [-0.08910045431081182, 0.9891541824473351, 0.1167694839782689, -0.07998915594569932], [0.9950314714974967, 0.09362683533116824, -0.03385832889255715, 0.5955444174406396]], [[0.5353700814097946, -0.10948931997531974, 0.8374908744234842, -0.5901643953695572], [0.1291242654309484, 0.9905162567700285, 0.04695177473972033, -0.06490514380479258], [-0.8346890439008937, 0.08300381850031664, 0.5444304970390422, 0.4768965258415202]]], "world_camera_id": 0}