{"Pts": [[-0.13771372935209006, 0.05101980844449818, 0.7221347817845934], [-0.12731260070032727, 0.022642028464665787, 0.7281950775036221], [-0.12100477471198343, -0.007724100045621507, 0.7327934575421466], [-0.1359810117085593, -0.009460289312170059, 0.7421118903579259], [-0.13024527457352797, 0.018840060904114386, 0.7541242368904816], [-0.12328030000473204, 0.049505967481694835, 0.7596870079791787], [-0.11383384790600039, -0.01707544420199945, 0.7412163012268173], [-0.11415760521658941, -0.036509687440954515, 0.7325003620615804], [-0.11565457642931315, -0.06300637612657402, 0.723894403952252], [-0.13909674391323432, -0.06141920827678296, 0.7347353954921838], [-0.14224039871515518, -0.035096449607357603, 0.74096745735237], [-0.14373074182471243, -0.015121444460366285, 0.7456055319141521], [-0.12859795671367505, -0.06817741534257031, 0.7328507193493604], [-0.12675016936964997, -0.08731082438601048, 0.7345350938494913]], "Ms": [[[1.0, 0.0, 0.0, 0.0], [0.0, 1.0, 0.0, 0.0], [0.0, 0.0, 1.0, 0.0]], [[-0.04442386488288922, 0.11317251898236855, -0.9925817352621659, 0.7126603759421036], [-0.08910045431081182, 0.9891541824473351, 0.1167694839782689, -0.07998915594569932], [0.9950314714974967, 0.09362683533116824, -0.03385832889255715, 0.5955444174406396]], [[0.5353700814097946, -0.10948931997531974, 0.8374908744234842, -0.5901643953695572], [0.1291242654309484, 0.9905162567700285, 0.04695177473972033, -0.06490514380479258], [-0.8346890439008937, 0.08300381850031664, 0.5444304970390422, 0.4768965258415202]]], "world_camera_id": 0}