{"Pts": [[-0.1592816738974992, 0.0561716599910418, 0.7075439571328463], [-0.15667431900140316, 0.025659933043788604, 0.7047671062331589], [-0.15672332529786226, -0.0066854758980485745, 0.6928621915549706], [-0.16750625419475232, -0.007819574733882804, 0.691190007791336], [-0.16477969616886218, 0.028664518081265026, 0.6903813594455801], [-0.17153614183509538, 0.05332159328397366, 0.670623759678696], [-0.15118766237566206, -0.02104397156525686, 0.6993884230226074], [-0.14574242491017703, -0.028706017386297817, 0.6898523068364388], [-0.15089149339415608, -0.050799548269904585, 0.6860476312725149], [-0.1716004776636039, -0.04944300005408836, 0.6869420691733367], [-0.1762403530617809, -0.028723460647256054, 0.6899593837929077], [-0.17518151806314758, -0.0237588832688679, 0.7010340717562544], [-0.1616445500426095, -0.05701640910037207, 0.6857473168105479], [-0.16121621405355357, -0.07443228110166568, 0.6932335041725538]], "Ms": [[[1.0, 0.0, 0.0, 0.0], [0.0, 1.0, 0.0, 0.0], [0.0, 0.0, 1.0, 0.0]], [[-0.04442386488288922, 0.11317251898236855, -0.9925817352621659, 0.7126603759421036], [-0.08910045431081182, 0.9891541824473351, 0.1167694839782689, -0.07998915594569932], [0.9950314714974967, 0.09362683533116824, -0.03385832889255715, 0.5955444174406396]], [[0.5353700814097946, -0.10948931997531974, 0.8374908744234842, -0.5901643953695572], [0.1291242654309484, 0.9905162567700285, 0.04695177473972033, -0.06490514380479258], [-0.8346890439008937, 0.08300381850031664, 0.5444304970390422, 0.4768965258415202]]], "world_camera_id": 0}