{"Pts": [[0.1516201137710752, 0.054553489087994934, 0.6472308369604332], [0.15225521788451887, 0.02212072048388889, 0.6437748313068281], [0.1500312405301524, -0.014028842306996029, 0.6402635829436538], [0.14369494879165715, -0.01570699117759318, 0.6511729560251412], [0.14668142356644956, 0.018915432801861073, 0.6578598317860366], [0.1476398872783651, 0.05409612413844253, 0.6612781284141301], [0.1704750499843658, -0.037640355675512875, 0.6349643310524219], [0.1642344437708487, -0.03320028662986721, 0.6275381080544937], [0.14788257620264803, -0.05609734035296567, 0.6311627412447446], [0.13701711723777837, -0.05697159665697168, 0.6477187495462321], [0.1478813649064219, -0.038163149490693285, 0.6568493154954664], [0.1604544950266803, -0.044393151579855905, 0.6650066386008455], [0.1439868368491475, -0.06392242576319705, 0.6393765873669761], [0.14856680257205557, -0.08194542248456443, 0.6402908588837225], [-0.008359772751256798, 0.022710128408667363, 0.9016609734530203], [-0.014572744370737864, -0.008086766193240948, 0.9082202199730411], [-0.02081908958712635, -0.03495145313305439, 0.9111541688020803], [-0.010469126474315575, -0.03551805235150109, 0.9232210218506108], [-0.014271056672139888, -0.0049806001927318955, 0.9289073338084994], [-0.018346478128187776, 0.02267156305371418, 0.9316673548323643], [-0.022258509004023007, -0.03860021536035615, 0.9035336438599928], [-0.026816065584745495, -0.05970193933692193, 0.9042568027478683], [-0.026870879747374808, -0.0875740270585006, 0.9050213040498252], [-0.006294441018188658, -0.08888617862718098, 0.9215641499191514], [-0.004275196089422623, -0.06234128243239513, 0.9212518861147695], [0.006220744770637611, -0.04511352565864482, 0.9114498609845414], [-0.01661564181653913, -0.0938242417556972, 0.911092721257537], [-0.012442736403148958, -0.11063067625649793, 0.9061235490250974]], "Ms": [[[1.0, 0.0, 0.0, 0.0], [0.0, 1.0, 0.0, 0.0], [0.0, 0.0, 1.0, 0.0]], [[-0.04442386488288922, 0.11317251898236855, -0.9925817352621659, 0.7126603759421036], [-0.08910045431081182, 0.9891541824473351, 0.1167694839782689, -0.07998915594569932], [0.9950314714974967, 0.09362683533116824, -0.03385832889255715, 0.5955444174406396]], [[0.5353700814097946, -0.10948931997531974, 0.8374908744234842, -0.5901643953695572], [0.1291242654309484, 0.9905162567700285, 0.04695177473972033, -0.06490514380479258], [-0.8346890439008937, 0.08300381850031664, 0.5444304970390422, 0.4768965258415202]]], "world_camera_id": 0}