{"Pts": [[-0.15245448081893692, 0.044574871274181825, 0.7979112170441219], [-0.1483301935556383, 0.011339371695805593, 0.8021919637807514], [-0.15121955592653819, -0.022519128829344568, 0.7983082752504339], [-0.16034072825245005, -0.02276300786536777, 0.7997726465494114], [-0.16055776261468777, 0.007351539994717982, 0.8140090513802148], [-0.16293260432877102, 0.038667190714010626, 0.803693056250248], [-0.14138397728939875, -0.03307519909265945, 0.7970668092050006], [-0.13527558781372798, -0.044982261299357215, 0.7942253073481963], [-0.14370435807347462, -0.0679216214509398, 0.7919962629634478], [-0.16558400782061589, -0.06581101050525284, 0.7930838503304474], [-0.1747797888644381, -0.045860578626002034, 0.784385719959475], [-0.17262559797314017, -0.03251492655408006, 0.7976234604522033], [-0.15332194495140136, -0.0716896007747757, 0.795947041023726], [-0.15363302459914144, -0.08776057789146943, 0.7993473770116314], [-0.19788068758516536, 0.06660333506010345, 0.6214504496944193], [-0.19947506526033212, 0.033004213803382365, 0.6146297723210602], [-0.20954746419530917, 0.008430215236467423, 0.6050006491864902], [-0.2218762663540065, 0.006990201971759918, 0.6144131445180189], [-0.2203982825695871, 0.0334449135012862, 0.6130840847636386], [-0.2225897894570083, 0.06910751838440514, 0.6129650146876278], [-0.1990126484243846, 0.005090829847606348, 0.5922345376958899], [-0.20232338557194565, -0.01463460287710712, 0.5902968713791471], [-0.20540570806047326, -0.041439375520174876, 0.5937214364899932], [-0.22179825783939092, -0.04309543156877991, 0.6085868974648322], [-0.22929451820635133, -0.01817892154855012, 0.6219365551445212], [-0.21023906808230547, -0.0027552858058063033, 0.627203529820514], [-0.21158943619817655, -0.04909375033160121, 0.6041890493836314], [-0.20811570324968837, -0.06476111289953862, 0.6118709363385951]], "Ms": [[[1.0, 0.0, 0.0, 0.0], [0.0, 1.0, 0.0, 0.0], [0.0, 0.0, 1.0, 0.0]], [[-0.04442386488288922, 0.11317251898236855, -0.9925817352621659, 0.7126603759421036], [-0.08910045431081182, 0.9891541824473351, 0.1167694839782689, -0.07998915594569932], [0.9950314714974967, 0.09362683533116824, -0.03385832889255715, 0.5955444174406396]], [[0.5353700814097946, -0.10948931997531974, 0.8374908744234842, -0.5901643953695572], [0.1291242654309484, 0.9905162567700285, 0.04695177473972033, -0.06490514380479258], [-0.8346890439008937, 0.08300381850031664, 0.5444304970390422, 0.4768965258415202]]], "world_camera_id": 0}