{"Pts": [[0.1516201138660509, 0.054553489218178305, 0.6472308372055134], [0.1522552179781575, 0.02212072061454287, 0.6437748316571219], [0.15003124048909922, -0.01402884217167245, 0.6402635833507108], [0.14369494905616748, -0.015706991104216146, 0.6511729559808861], [0.14625926778994702, 0.019760493545656118, 0.6563873231664001], [0.14718422970608894, 0.05489365196453689, 0.6598440389786978], [0.170475049685869, -0.03764035488066165, 0.6349643310391325], [0.16423444361117198, -0.03320028668304911, 0.6275381081666188], [0.14788257595337237, -0.05609734035696192, 0.6311627416804214], [0.1370023520593779, -0.05774890004728375, 0.6476409745045624], [0.14788136493599247, -0.03816314973032109, 0.6568493153617468], [0.1604544954962331, -0.044393151595696165, 0.6650066379849233], [0.14398683663801173, -0.0639224256082481, 0.6393765875745687], [0.1485668021659819, -0.08194542222277268, 0.6402908589782547], [-0.005861388097708894, 0.026325229506024766, 0.8987166624034756], [-0.01049284233279258, -0.005578868819375556, 0.9008470177644937], [-0.016669903098079232, -0.03407539344931203, 0.9037795726336607], [-0.008423479142520599, -0.03468107144713495, 0.9150929117249702], [-0.01430024668869493, -0.004477019115117265, 0.9226514944245782], [-0.01834647803489747, 0.022671563155679492, 0.9316673546329809], [-0.016102682944849497, -0.034291749554175056, 0.8947236913966043], [-0.024593792435765663, -0.058157007520329096, 0.8964722269312811], [-0.024702595256733326, -0.08520817626812821, 0.8961938687048968], [-0.006313646966318363, -0.08780259285305553, 0.9115463304127328], [-0.0022426048016845205, -0.06161847193151969, 0.9143120308456798], [0.005918471678725388, -0.041935196429376174, 0.9040758982843391], [-0.016535940456045135, -0.09288321991466049, 0.9025195432466959], [-0.010364714679710117, -0.10963876543272529, 0.896856990687673]], "Ms": [[[1.0, 0.0, 0.0, 0.0], [0.0, 1.0, 0.0, 0.0], [0.0, 0.0, 1.0, 0.0]], [[-0.04442386488288922, 0.11317251898236855, -0.9925817352621659, 0.7126603759421036], [-0.08910045431081182, 0.9891541824473351, 0.1167694839782689, -0.07998915594569932], [0.9950314714974967, 0.09362683533116824, -0.03385832889255715, 0.5955444174406396]], [[0.5353700814097946, -0.10948931997531974, 0.8374908744234842, -0.5901643953695572], [0.1291242654309484, 0.9905162567700285, 0.04695177473972033, -0.06490514380479258], [-0.8346890439008937, 0.08300381850031664, 0.5444304970390422, 0.4768965258415202]]], "world_camera_id": 0}