{"Pts": [[0.15120952112996044, 0.05454531870255324, 0.6455765336095637], [0.1522552177670295, 0.022120720856737296, 0.6437748309401194], [0.15003124022054398, -0.014028842082428898, 0.6402635826993174], [0.14406422477155098, -0.015811633873359567, 0.6528062387693023], [0.14702483858477242, 0.019659523584969613, 0.6596817135977336], [0.14842992575844496, 0.05410163555967081, 0.664585148194376], [0.17050665131402049, -0.03686899960625487, 0.6350309132619109], [0.1577819771977539, -0.03272533611429547, 0.6302785004186533], [0.14826641204305457, -0.05626505603403368, 0.6327851148271944], [0.13805257792820547, -0.05746841092897354, 0.6525429573105307], [0.1478813668580344, -0.03816314968920223, 0.656849314613963], [0.15790427979131058, -0.03974473069791676, 0.6485810797976231], [0.14472312837282628, -0.0642783109522797, 0.6426078900239411], [0.14856680230623073, -0.08194542146168364, 0.640290858986138]], "Ms": [[[1.0, 0.0, 0.0, 0.0], [0.0, 1.0, 0.0, 0.0], [0.0, 0.0, 1.0, 0.0]], [[-0.04442386488288922, 0.11317251898236855, -0.9925817352621659, 0.7126603759421036], [-0.08910045431081182, 0.9891541824473351, 0.1167694839782689, -0.07998915594569932], [0.9950314714974967, 0.09362683533116824, -0.03385832889255715, 0.5955444174406396]], [[0.5353700814097946, -0.10948931997531974, 0.8374908744234842, -0.5901643953695572], [0.1291242654309484, 0.9905162567700285, 0.04695177473972033, -0.06490514380479258], [-0.8346890439008937, 0.08300381850031664, 0.5444304970390422, 0.4768965258415202]]], "world_camera_id": 0}