{"Pts": [[0.15162011386594354, 0.05455348935376186, 0.6472308372873213], [0.15266089494038926, 0.022076396905674037, 0.6454289293596608], [0.14754248779136328, -0.015000400037973616, 0.642256647894955], [0.1440642246680045, -0.01581163377391349, 0.652806239023836], [0.14702483802753533, 0.01965952335770239, 0.6596817132564442], [0.14803460993620957, 0.05409902509012312, 0.6629309220130979], [0.17096097709837998, -0.03700965805278288, 0.6367057445331222], [0.1577971372090552, -0.031159623700628573, 0.6304887788630653], [0.14547190471592703, -0.05629690228898477, 0.6331934592910907], [0.13839847711774822, -0.057634363976085644, 0.654153398485335], [0.14825656320109537, -0.03830230118373158, 0.658487808459981], [0.15831291359740543, -0.03988777691221291, 0.6502360274456727], [0.1450918802548661, -0.06445651790508615, 0.644225475985292], [0.14894645877773674, -0.08215116921726635, 0.641907942563674]], "Ms": [[[1.0, 0.0, 0.0, 0.0], [0.0, 1.0, 0.0, 0.0], [0.0, 0.0, 1.0, 0.0]], [[-0.04442386488288922, 0.11317251898236855, -0.9925817352621659, 0.7126603759421036], [-0.08910045431081182, 0.9891541824473351, 0.1167694839782689, -0.07998915594569932], [0.9950314714974967, 0.09362683533116824, -0.03385832889255715, 0.5955444174406396]], [[0.5353700814097946, -0.10948931997531974, 0.8374908744234842, -0.5901643953695572], [0.1291242654309484, 0.9905162567700285, 0.04695177473972033, -0.06490514380479258], [-0.8346890439008937, 0.08300381850031664, 0.5444304970390422, 0.4768965258415202]]], "world_camera_id": 0}