{"Pts": [[-0.15861100563011082, 0.055019182121700795, 0.7062013021511915], [-0.1555769414061336, 0.024765288255378694, 0.7005045762772842], [-0.1551275735960996, -0.005920992255394005, 0.6849023078759194], [-0.1658237526927334, -0.007051634739009586, 0.6834066595559538], [-0.16907130233911996, 0.026473432962516946, 0.6802862993242071], [-0.16942402099999168, 0.0594118280279998, 0.6650066223389719], [-0.15302972421508274, -0.02054375884681572, 0.6927310301268782], [-0.14724367538473995, -0.027517911853130794, 0.6821118906430499], [-0.15239040301564113, -0.04951494331842613, 0.6784819050374401], [-0.171365974262043, -0.048696751501050364, 0.679477981843154], [-0.1760664624791227, -0.027136509116545433, 0.6834957019193013], [-0.17294584585156145, -0.024169722792397066, 0.6922590301507058], [-0.1614927639085495, -0.055732743676624334, 0.6781702507251004], [-0.16279071973917075, -0.0730672354443368, 0.6859422559925099]], "Ms": [[[1.0, 0.0, 0.0, 0.0], [0.0, 1.0, 0.0, 0.0], [0.0, 0.0, 1.0, 0.0]], [[-0.04442386488288922, 0.11317251898236855, -0.9925817352621659, 0.7126603759421036], [-0.08910045431081182, 0.9891541824473351, 0.1167694839782689, -0.07998915594569932], [0.9950314714974967, 0.09362683533116824, -0.03385832889255715, 0.5955444174406396]], [[0.5353700814097946, -0.10948931997531974, 0.8374908744234842, -0.5901643953695572], [0.1291242654309484, 0.9905162567700285, 0.04695177473972033, -0.06490514380479258], [-0.8346890439008937, 0.08300381850031664, 0.5444304970390422, 0.4768965258415202]]], "world_camera_id": 0}