{"Pts": [[0.1328850544732784, 0.047611978287728576, 0.6556778639515999], [0.1490729815818133, 0.019388933215715463, 0.6490992074599382], [0.14147403312223833, -0.016324402001971584, 0.6480501408378706], [0.13962117397601614, -0.01721092831435127, 0.6599785097827499], [0.1459003412984212, 0.020326850530025142, 0.6616568578986749], [0.14661292799750225, 0.05237726007940758, 0.6650538402285653], [-320.7826655244729, -370.0172384339454, -1214.19193679335], [0.14590027075589074, -0.0363260400815172, 0.6351902032545428], [0.13774267237720464, -0.057402572093799765, 0.6442434835349381], [0.1375304803489336, -0.05866958437317034, 0.6641526829166889], [-319.99738434636583, -368.1124672281784, -1211.7417607396237], [-320.32973508016386, -366.48672695394595, -1212.2011444844356], [0.14077685559320058, -0.06597154431794368, 0.6513247886771311], [0.14334638514172562, -0.08213614872055136, 0.6492380037874595]], "Ms": [[[1.0, 0.0, 0.0, 0.0], [0.0, 1.0, 0.0, 0.0], [0.0, 0.0, 1.0, 0.0]], [[-0.04442386488288922, 0.11317251898236855, -0.9925817352621659, 0.7126603759421036], [-0.08910045431081182, 0.9891541824473351, 0.1167694839782689, -0.07998915594569932], [0.9950314714974967, 0.09362683533116824, -0.03385832889255715, 0.5955444174406396]], [[0.5353700814097946, -0.10948931997531974, 0.8374908744234842, -0.5901643953695572], [0.1291242654309484, 0.9905162567700285, 0.04695177473972033, -0.06490514380479258], [-0.8346890439008937, 0.08300381850031664, 0.5444304970390422, 0.4768965258415202]]], "world_camera_id": 0}