{"Pts": [[-0.15928166564384344, 0.05617166065291235, 0.7075439539363519], [-0.15609931749574754, 0.024485830478981598, 0.7034623953641623], [-0.15592868634087423, -0.006302846441569464, 0.6888921556512537], [-0.1664579620782873, -0.00733933790463374, 0.6863350992929457], [-0.16539905163958105, 0.026641010836823173, 0.6845750770310511], [-0.17196882959092233, 0.05508238229008867, 0.6678165888312592], [-0.15363106985963434, -0.02083652610189127, 0.6957166707363996], [-0.1480600466354405, -0.027916496761015184, 0.686170825042118], [-0.14983443280695477, -0.050296542636820915, 0.6810242824591093], [-0.17045116527556917, -0.048963820604682406, 0.6821410074249249], [-0.17675396802572704, -0.02742658689203548, 0.6863531202324373], [-0.17360015671028006, -0.024451853288009123, 0.6951134073259437], [-0.16053336038532803, -0.05652829270981594, 0.6808449633117474], [-0.1601350662447954, -0.07394565768261445, 0.6883872248626475]], "Ms": [[[1.0, 0.0, 0.0, 0.0], [0.0, 1.0, 0.0, 0.0], [0.0, 0.0, 1.0, 0.0]], [[-0.04442386488288922, 0.11317251898236855, -0.9925817352621659, 0.7126603759421036], [-0.08910045431081182, 0.9891541824473351, 0.1167694839782689, -0.07998915594569932], [0.9950314714974967, 0.09362683533116824, -0.03385832889255715, 0.5955444174406396]], [[0.5353700814097946, -0.10948931997531974, 0.8374908744234842, -0.5901643953695572], [0.1291242654309484, 0.9905162567700285, 0.04695177473972033, -0.06490514380479258], [-0.8346890439008937, 0.08300381850031664, 0.5444304970390422, 0.4768965258415202]]], "world_camera_id": 0}