{"Pts": [[0.14707986392322633, 0.05019589968902472, 0.6523276945230634], [-330.15194361707995, -416.9479931782585, -1252.6876186365052], [-331.64369433209345, -397.9147004197895, -1257.794379398339], [-331.4395265255158, -395.3968557749276, -1256.8515444622021], [-328.9227830115945, -413.61816836589514, -1248.293918724965], [0.14553772026356296, 0.055499882882729314, 0.6650616062473105], [0.16573283637071604, -0.03776424351388294, 0.6441929370145001], [170.26791910723242, 7.358846014841581, -179.29013613423814], [0.14058587272496956, -0.058155758063900595, 0.6437822387799906], [0.13714194289306464, -0.05927790723658961, 0.6624698859805621], [0.15017523453635423, -0.038216158476706015, 0.6667690522117704], [0.1606215454810024, -0.04020208137567839, 0.65330005073671], [0.14365446533031, -0.0667119295098496, 0.6508810979550995], [0.1462215919512454, -0.08214660798671608, 0.6489006487621455]], "Ms": [[[1.0, 0.0, 0.0, 0.0], [0.0, 1.0, 0.0, 0.0], [0.0, 0.0, 1.0, 0.0]], [[-0.04442386488288922, 0.11317251898236855, -0.9925817352621659, 0.7126603759421036], [-0.08910045431081182, 0.9891541824473351, 0.1167694839782689, -0.07998915594569932], [0.9950314714974967, 0.09362683533116824, -0.03385832889255715, 0.5955444174406396]], [[0.5353700814097946, -0.10948931997531974, 0.8374908744234842, -0.5901643953695572], [0.1291242654309484, 0.9905162567700285, 0.04695177473972033, -0.06490514380479258], [-0.8346890439008937, 0.08300381850031664, 0.5444304970390422, 0.4768965258415202]]], "world_camera_id": 0}