{"Pts": [[-0.13725096838045406, 0.05405081198291633, 0.7196644188569913], [-0.1341284330177897, 0.021381848123930146, 0.7135290559861595], [-0.13783553733484122, -0.002001021382844329, 0.7033245889993612], [-0.1501641368133887, -0.0027858590911375193, 0.7013169078406764], [-0.1552907796054504, 0.024514890892719972, 0.7009651354560829], [-0.15866295607772593, 0.053812412498895776, 0.6857479941872867], [-0.129298210115005, -0.00911246929826033, 0.6942074047020369], [-0.13132520964281644, -0.03210869449383152, 0.6897484913844204], [-0.1359334096799305, -0.0574229355606131, 0.6905920833639873], [-0.15661156646763758, -0.05700090213197025, 0.698646418784895], [-0.16232080293023435, -0.029234557874960505, 0.7063666619721022], [-0.16552717737816222, -0.005724756976506306, 0.7112949582610388], [-0.14603208226998998, -0.06124681750985971, 0.6942263133219162], [-0.1429905583909457, -0.07986146404794973, 0.6977048671698535]], "Ms": [[[1.0, 0.0, 0.0, 0.0], [0.0, 1.0, 0.0, 0.0], [0.0, 0.0, 1.0, 0.0]], [[-0.04442386488288922, 0.11317251898236855, -0.9925817352621659, 0.7126603759421036], [-0.08910045431081182, 0.9891541824473351, 0.1167694839782689, -0.07998915594569932], [0.9950314714974967, 0.09362683533116824, -0.03385832889255715, 0.5955444174406396]], [[0.5353700814097946, -0.10948931997531974, 0.8374908744234842, -0.5901643953695572], [0.1291242654309484, 0.9905162567700285, 0.04695177473972033, -0.06490514380479258], [-0.8346890439008937, 0.08300381850031664, 0.5444304970390422, 0.4768965258415202]]], "world_camera_id": 0}